{"stats":{"minecraft:custom":{"minecraft:time_since_rest":19167,"minecraft:blood":0,"minecraft:magic_shield":0,"minecraft:damage_taken":283,"minecraft:play_time":19167,"minecraft:sprint_one_cm":10268,"minecraft:damage_absorbed":1642,"minecraft:walk_one_cm":7298,"minecraft:sneak_time":10,"minecraft:dexterity":0,"minecraft:jump":75,"minecraft:intelligence":0,"minecraft:energy":50,"minecraft:leave_game":2,"minecraft:health":100,"minecraft:move_speed":0,"minecraft:time_since_death":19167,"minecraft:strength":0,"minecraft:total_world_time":19167,"minecraft:fly_one_cm":12544,"minecraft:fall_one_cm":1488,"minecraft:mana":50},"minecraft:mined":{"minecraft:grass":3,"minecraft:grass_block":2,"minecraft:oak_log":6,"minecraft:dirt":4,"minecraft:oak_leaves":1},"minecraft:picked_up":{"minecraft:apple":1,"minecraft:wheat_seeds":2,"doggytalents:rice_grains":7,"minecraft:oak_log":6,"minecraft:oak_sapling":3,"minecraft:dirt":24},"minecraft:used":{"minecraft:dirt":2}},"DataVersion":3465}