{"stats":{"minecraft:picked_up":{"minecraft:wooden_axe":2,"minecraft:birch_door":2,"chococraft:loverly_gysahl_green":2,"minecraft:wheat":418,"mmorpg:material/farming/0":11,"minecraft:redstone_block":1,"illagerinvasion:platinum_chunk":1,"mekanism:raw_uranium":8,"cte_essentials:plate_0_helmet":1,"mmorpg:skill_gems/aura/dex":3,"cte_essentials:cloth_1_helmet":1,"minecraft:string":23,"mekanismgenerators:heat_generator":5,"minecraft:raw_copper":5,"create:limestone":1,"minecraft:red_nether_bricks":1,"minecraft:iron_leggings":1,"mmorpg:jewel/dex":3,"mekanism:basic_universal_cable":8,"minecraft:cobbled_deepslate":282,"minecraft:bucket":1,"minecraft:spruce_planks":3,"mmorpg:material/fishing/0":1,"mmorpg:currency/chaos_orb":1,"mmorpg:gems/emerald/1":1,"mmorpg:gems/amethyst/0":1,"mmorpg:currency/socket_adder":1,"mekanism:basic_logistical_transporter":3,"mmorpg:gems/emerald/0":1,"minecraft:stick":6,"minecraft:torch":2,"minecraft:golden_axe":1,"mmorpg:jewelry/necklace/iron":4,"cte_essentials:plate_0_leggings":1,"minecraft:golden_chestplate":2,"cte_essentials:cloth_0_boots":2,"minecraft:stone_sword":2,"minecraft:rotten_flesh":161,"create:ochrum":5,"minecraft:cyan_terracotta":2,"mmorpg:runes/ita":1,"supplementaries:ash":4,"mmorpg:rare_mats/farming/greater":3,"minecraft:obsidian":21,"minecraft:blaze_powder":2,"minecraft:cobblestone":361,"mekanismgenerators:advanced_solar_generator":5,"minecraft:birch_log":11,"minecraft:pink_petals":1,"minecraft:magma_block":2,"minecraft:feather":1,"minecraft:magma_cream":4,"aquaculture:tuna":1,"stalwart_dungeons:wooden_hammer":1,"cte_essentials:leather_5_helmet":3,"minecraft:andesite":120,"mmorpg:gems/azurite/0":4,"minecraft:potato":166,"minecraft:flint":4,"minecraft:tuff":13,"minecraft:gray_concrete":1,"minecraft:lapis_lazuli":38,"minecraft:dirt":57,"cte_essentials:plate_1_boots":1,"mmorpg:currency/jewel_corrupt":1,"mmorpg:gems/garnet/1":1,"minecraft:bone":113,"farmersdelight:iron_knife":1,"mmorpg:gems/azurite/1":1,"minecraft:bow":8,"minecraft:wheat_seeds":804,"minecraft:raw_gold":33,"ftbquests:book":1,"minecraft:glowstone_dust":5,"minecraft:oak_planks":2,"mmorpg:skill_gems/support/str":1,"mmorpg:offhand/tome/wood":12,"mekanism:metallurgic_infuser":11,"cte_essentials:leather_0_boots":1,"minecraft:sand":248,"mmorpg:rare_mats/mining/medium":4,"mmorpg:jewelry/ring/gold":1,"minecraft:spectral_arrow":16,"cte_essentials:stone_block_0":6,"mmorpg:jewel/int":1,"mekanism:digital_miner":1,"mmorpg:gems/garnet/0":1,"mmorpg:rare_mats/mining/greater":2,"minecraft:diamond":48,"minecraft:deepslate":5,"minecraft:crossbow":1,"mmorpg:rare_mats/mining/lesser":8,"minecraft:bread":1,"minecraft:emerald":1,"iceandfire:troll_leather_forest":4,"minecraft:oak_sapling":15,"minecraft:netherrack":17,"iceandfire:silver_nugget":6,"iceandfire:raw_silver":1,"minecraft:crafting_table":2,"mmorpg:stone/2":3,"minecraft:azure_bluet":1,"mmorpg:skill_gems/aura/str":3,"mmorpg:jewelry/ring/iron":5,"doggytalents:rice_wheat":31,"minecraft:shield":4,"minecraft:cornflower":2,"cte_essentials:cloth_0_leggings":1,"minecraft:oak_trapdoor":1,"minecraft:wooden_sword":1,"mekanism:energized_smelter":2,"minecraft:blackstone":5,"minecraft:beef":4,"cte_essentials:cloth_0_helmet":2,"minecraft:poppy":2,"mmorpg:stone/0":25,"minecraft:chest":2,"mmorpg:offhand/tome/iron":3,"minecraft:birch_sapling":1,"globalxp:xp_block":2,"iceandfire:ice_dragon_heart":1,"mmorpg:skill_gems/support/dex":2,"minecraft:raw_iron":90,"mekanism:basic_pressurized_tube":3,"iceandfire:dragonbone":10,"cte_essentials:cloth_0_chestplate":2,"minecraft:copper_ingot":1,"mmorpg:currency/affix_tier_up_down":1,"minecraft:music_disc_11":1,"minecraft:trident":2,"mmorpg:skill_gems/support/int":9,"minecraft:redstone":132,"mmorpg:jewel/str":1,"iceandfire:dragon_skull_ice":1,"mekanism:crusher":6,"minecraft:arrow":77,"minecraft:beetroot_seeds":4,"mmorpg:currency/affix_common_reroll":1,"iceandfire:dragonscales_silver":17,"minecraft:hay_block":5,"cte_essentials:cloth_2_helmet":1,"minecraft:gold_ingot":2,"minecraft:mutton":11,"minecraft:white_wool":6,"minecraft:oxeye_daisy":1,"cte_essentials:cloth_2_leggings":1,"minecraft:basalt":1,"minecraft:glow_ink_sac":25,"cte_essentials:leather_4_helmet":1,"minecraft:leather":6,"doggytalents:rice_grains":32,"minecraft:oak_log":29,"mekanismgenerators:bio_generator":2,"minecraft:golden_boots":1,"minecraft:gunpowder":91,"minecraft:cobblestone_wall":1,"farmersdelight:flint_knife":3,"mekanism:enrichment_chamber":2,"minecraft:cooked_mutton":4,"chococraft:gysahl_green":60,"mmorpg:rare_mats/farming/medium":5,"minecraft:iron_ingot":1,"mmorpg:rare_mats/farming/lesser":40,"lightmanscurrency:coin_iron":181,"minecraft:pumpkin":13,"minecraft:sweet_berries":13,"cte_essentials:plate_0_boots":6,"minecraft:quartz":4,"minecraft:dandelion":20,"minecraft:dripstone_block":13,"minecraft:gravel":10,"mmorpg:stat_soul":19,"minecraft:spruce_sapling":5,"minecraft:spruce_log":32,"mmorpg:weapon/staff/wood":4,"minecraft:spider_eye":6,"mekanism:raw_osmium":39,"mmorpg:weapon/staff/iron":5,"minecraft:spruce_door":1,"lightmanscurrency:coin_copper":495,"mmorpg:offhand/dodge/wood":1,"minecraft:purple_bed":2,"lightmanscurrency:wallet_gold":1,"minecraft:diamond_axe":3,"mmorpg:stone/1":8,"minecraft:gray_wool":1,"iceandfire:ice_dragon_flesh":6,"minecraft:warped_roots":4,"minecraft:melon_seeds":4,"minecraft:coal":95,"minecraft:ender_pearl":2},"minecraft:used":{"minecraft:iron_shovel":250,"minecraft:chest":12,"mekanism:basic_logistical_transporter":12,"doggytalents:rice_grains":4,"minecraft:rotten_flesh":4,"mekanism:digital_miner":2,"minecraft:skeleton_spawn_egg":1,"mekanism:basic_universal_cable":49,"minecraft:tuff":1,"minecraft:azure_bluet":1,"minecraft:obsidian":14,"minecraft:cyan_terracotta":2,"minecraft:lava_bucket":5,"minecraft:magma_block":1,"minecraft:sweet_berries":16,"minecraft:oak_sapling":10,"minecraft:furnace":3,"minecraft:cooked_cod":3,"minecraft:potato":303,"minecraft:spruce_door":1,"minecraft:stone_pickaxe":45,"minecraft:oak_planks":28,"minecraft:blackstone":1,"minecraft:wooden_pickaxe":3,"minecraft:white_wool":1,"minecraft:gray_concrete":1,"sophisticatedstorage:iron_to_gold_tier_upgrade":1,"mekanism:crusher":7,"minecraft:bread":44,"mekanism:upgrade_speed":11,"mekanism:metallurgic_infuser":12,"sophisticatedstorage:basic_to_iron_tier_upgrade":1,"mekanism:basic_pressurized_tube":3,"minecraft:deepslate":1,"sophisticatedstorage:chest":1,"mekanismgenerators:advanced_solar_generator":8,"globalxp:xp_block":3,"minecraft:andesite":64,"chococraft:gysahl_green":28,"minecraft:oak_trapdoor":3,"mekanism:enrichment_chamber":3,"minecraft:flint_and_steel":1,"mekanism:configurator":18,"minecraft:spruce_planks":71,"minecraft:torch":13,"gateways:gate_pearl":1,"minecraft:dirt":12,"mekanism:osmium_compressor":1,"minecraft:iron_hoe":278,"minecraft:birch_door":5,"minecraft:wooden_axe":6,"mekanismgenerators:heat_generator":5,"minecraft:iron_axe":120,"minecraft:basalt":1,"mekanism:upgrade_energy":19,"minecraft:cobbled_deepslate":170,"cte_essentials:plate_0_helmet":2,"minecraft:wheat_seeds":148,"minecraft:cooked_mutton":3,"minecraft:water_bucket":41,"mekanismgenerators:bio_generator":8,"minecraft:red_nether_bricks":1,"cte_essentials:cloth_0_helmet":4,"minecraft:crafting_table":8,"minecraft:cornflower":1,"minecraft:diamond_pickaxe":797,"minecraft:iron_pickaxe":424,"mekanism:energized_smelter":3,"mmorpg:weapon/staff/iron":312,"minecraft:spruce_sapling":3,"minecraft:pink_petals":1,"mmorpg:weapon/staff/wood":102,"minecraft:fishing_rod":2,"minecraft:cobblestone":17,"minecraft:purple_bed":1,"minecraft:bucket":50,"minecraft:pumpkin_pie":1,"minecraft:dandelion":2},"minecraft:custom":{"minecraft:blood":0,"lootr:looted_stat":40,"minecraft:dexterity":7,"minecraft:interact_with_crafting_table":336,"minecraft:open_barrel":4,"goblintraders:trade_with_goblin":4,"minecraft:bell_ring":5,"minecraft:leave_game":6,"minecraft:time_since_death":242141,"minecraft:damage_resisted":0,"minecraft:sprint_one_cm":1601067,"minecraft:drop":154,"minecraft:health":494,"minecraft:play_time":918219,"minecraft:deaths":29,"minecraft:jump":11766,"minecraft:energy":233,"minecraft:walk_on_water_one_cm":31383,"minecraft:interact_with_furnace":84,"minecraft:intelligence":35,"minecraft:sleep_in_bed":14,"minecraft:levels_gained":18,"minecraft:waystone_activated":4,"minecraft:damage_dealt":15782,"minecraft:crouch_one_cm":23253,"minecraft:mob_kills":763,"minecraft:interact_with_campfire":4,"minecraft:damage_dealt_resisted":7,"minecraft:climb_one_cm":11746,"minecraft:mana":292,"minecraft:magic_shield":97,"minecraft:walk_one_cm":2318134,"gateways:gates_defeated":1,"minecraft:damage_dealt_absorbed":74,"minecraft:sneak_time":9772,"minecraft:walk_under_water_one_cm":12297,"minecraft:interact_with_blast_furnace":1,"minecraft:total_world_time":918219,"minecraft:move_speed":7,"minecraft:time_since_rest":13180,"minecraft:damage_taken":27949,"minecraft:damage_absorbed":24416,"minecraft:swim_one_cm":57505,"minecraft:fly_one_cm":2295694,"minecraft:open_chest":718,"minecraft:strength":8,"minecraft:fish_caught":1,"minecraft:fall_one_cm":421257},"minecraft:killed_by":{"minecraft:piglin_brute":1,"minecraft:creeper":4,"iceandfire:ice_dragon":1,"minecraft:zombie":7,"realmrpg_wyrms:red_wyrm":1,"minecraft:spider":1,"minecraft:enderman":1,"monsterplus:lava_squid":1,"monsterplus:glow_skeleton":2,"riskofrain_mobs:lemurian_entity":2,"minecraft:skeleton":1},"minecraft:crafted":{"minecraft:oak_planks":24,"mekanismgenerators:solar_generator":16,"mekanism:digital_miner":1,"globalxp:xp_block":2,"mekanism:configurator":1,"mekanism:ingot_osmium":19,"mekanism:logistical_sorter":2,"mekanismgenerators:heat_generator":2,"minecraft:iron_bars":1,"minecraft:glass":36,"minecraft:chest":12,"minecraft:birch_door":1,"mekanism:ingot_steel":14,"mekanism:energy_tablet":25,"minecraft:emerald":1,"minecraft:diamond_axe":1,"minecraft:crafting_table":6,"minecraft:spruce_planks":46,"minecraft:wooden_pickaxe":1,"minecraft:copper_ingot":5,"minecraft:birch_planks":11,"mekanism:teleportation_core":2,"minecraft:diamond_pickaxe":1,"mekanism:steel_casing":5,"minecraft:stick":26,"mekanism:crusher":1,"minecraft:iron_ingot":36,"minecraft:iron_pickaxe":2,"minecraft:gold_ingot":12,"mekanism:osmium_compressor":1,"minecraft:redstone_torch":9,"mekanism:basic_logistical_transporter":16,"mekanism:basic_universal_cable":28,"minecraft:furnace":7,"mekanism:energized_smelter":1,"minecraft:piston":2,"minecraft:oak_trapdoor":2,"minecraft:glass_pane":16,"mekanism:basic_pressurized_tube":8,"mekanism:robit":1,"minecraft:flint_and_steel":1,"mekanismgenerators:bio_generator":7,"minecraft:iron_axe":2,"minecraft:iron_hoe":1,"minecraft:stone_pickaxe":1,"mekanismgenerators:advanced_solar_generator":4,"mekanism:personal_chest":1,"minecraft:wheat":5,"mekanism:metallurgic_infuser":1,"sophisticatedstorage:iron_to_gold_tier_upgrade":2,"sophisticatedstorage:basic_to_iron_tier_upgrade":4,"minecraft:bucket":5,"minecraft:bread":25,"minecraft:air":868,"mekanism:upgrade_speed":21,"sophisticatedstorage:chest":1,"mekanism:upgrade_energy":31,"mekanism:enrichment_chamber":1,"mekanism:advanced_control_circuit":2,"minecraft:iron_shovel":1,"minecraft:torch":3,"mekanismgenerators:solar_panel":48},"minecraft:broken":{"cte_essentials:cloth_0_boots":1,"minecraft:iron_shovel":1,"cte_essentials:cloth_0_leggings":1,"cte_essentials:cloth_0_chestplate":2,"cte_essentials:cloth_1_helmet":1,"minecraft:iron_hoe":1,"cte_essentials:cloth_0_helmet":2,"minecraft:iron_pickaxe":1},"minecraft:mined":{"minecraft:spruce_planks":3,"mekanism:energized_smelter":2,"minecraft:red_nether_bricks":1,"minecraft:obsidian":23,"minecraft:grass_block":14,"minecraft:oxeye_daisy":3,"minecraft:spawner":1,"minecraft:iron_ore":54,"minecraft:fire":4,"minecraft:cobbled_deepslate":20,"mekanism:digital_miner":1,"minecraft:pumpkin":13,"minecraft:deepslate_lapis_ore":3,"minecraft:azure_bluet":1,"mekanism:basic_logistical_transporter":3,"create:limestone":1,"minecraft:deepslate_redstone_ore":29,"mekanism:osmium_ore":39,"minecraft:cyan_terracotta":2,"minecraft:blackstone":2,"mekanism:enrichment_chamber":2,"iceandfire:dragon_ice_spikes":4,"mekanismgenerators:bio_generator":2,"minecraft:poppy":4,"minecraft:chest":2,"minecraft:nether_quartz_ore":4,"minecraft:cobblestone":16,"minecraft:oak_planks":2,"minecraft:pink_petals":1,"mekanismgenerators:advanced_solar_generator":5,"minecraft:birch_log":11,"minecraft:birch_door":2,"minecraft:grass":391,"minecraft:oak_log":30,"minecraft:sand":250,"minecraft:dirt":2,"mekanism:basic_universal_cable":8,"minecraft:netherrack":1,"minecraft:oak_leaves":30,"minecraft:deepslate":305,"minecraft:tuff":15,"iceandfire:silver_ore":1,"minecraft:deepslate_diamond_ore":43,"mekanismgenerators:heat_generator":5,"create:ochrum":5,"minecraft:spruce_leaves":24,"minecraft:large_fern":5,"minecraft:hay_block":5,"minecraft:oak_trapdoor":1,"minecraft:nether_sprouts":3,"minecraft:andesite":113,"minecraft:deepslate_iron_ore":38,"mekanism:basic_pressurized_tube":3,"minecraft:stone":336,"doggytalents:rice_crop":4,"mekanism:crusher":6,"minecraft:gray_concrete":1,"minecraft:glass_pane":1,"minecraft:basalt":2,"minecraft:dandelion":19,"minecraft:crafting_table":2,"minecraft:cornflower":1,"minecraft:warped_roots":1,"minecraft:copper_ore":1,"minecraft:tall_grass":61,"minecraft:lapis_ore":2,"minecraft:deepslate_gold_ore":25,"mekanism:metallurgic_infuser":11,"minecraft:purple_bed":2,"minecraft:ice":24,"minecraft:sweet_berry_bush":2,"minecraft:spruce_log":33,"globalxp:xp_block":2,"minecraft:birch_leaves":13,"minecraft:coal_ore":75,"minecraft:dripstone_block":13,"minecraft:gravel":23,"mekanism:deepslate_uranium_ore":8,"minecraft:gold_ore":8,"minecraft:fern":7},"minecraft:dropped":{"chococraft:loverly_gysahl_green":2,"minecraft:glow_ink_sac":1,"minecraft:diamond":10,"minecraft:warped_roots":1,"minecraft:dirt":28,"minecraft:cornflower":1,"minecraft:wooden_sword":1,"ftbquests:book":1,"minecraft:bone":6,"cte_essentials:plate_0_helmet":1,"cte_essentials:leather_4_helmet":1,"mmorpg:rare_mats/farming/lesser":4,"cte_essentials:plate_0_boots":3,"minecraft:golden_chestplate":2,"minecraft:cobbled_deepslate":82,"mmorpg:runes/ano":1,"minecraft:rotten_flesh":53,"mmorpg:material/farming/0":2,"minecraft:cooked_mutton":1,"doggytalents:rice_wheat":31,"supplementaries:ash":4,"minecraft:gunpowder":3,"minecraft:melon_seeds":4,"cte_essentials:cloth_0_helmet":1,"doggytalents:rice_grains":24,"globalxp:xp_block":1,"minecraft:arrow":2,"mmorpg:rare_mats/farming/medium":1,"mmorpg:stat_soul":2,"mmorpg:jewel/dex":1,"minecraft:wheat_seeds":44,"minecraft:dripstone_block":13,"minecraft:golden_axe":1,"minecraft:feather":1,"minecraft:cobblestone":77,"mmorpg:skill_gems/aura/dex":2,"minecraft:copper_ingot":1,"minecraft:coal":12,"mmorpg:weapon/staff/wood":1,"minecraft:oxeye_daisy":1,"minecraft:stick":11,"sophisticatedstorage:basic_to_iron_tier_upgrade":2,"minecraft:wooden_axe":1,"minecraft:iron_leggings":1,"mmorpg:rare_mats/farming/greater":1,"minecraft:dandelion":16,"minecraft:spruce_sapling":1,"cte_essentials:leather_5_helmet":1,"minecraft:sweet_berries":1,"create:ochrum":5,"mmorpg:rare_mats/mining/lesser":4,"minecraft:stone_sword":1,"minecraft:deepslate":1,"minecraft:tuff":12,"mmorpg:jewelry/necklace/iron":1,"minecraft:shield":1,"farmersdelight:flint_knife":3,"mmorpg:offhand/tome/wood":1,"mmorpg:offhand/tome/iron":3,"minecraft:andesite":26,"minecraft:purple_bed":1,"minecraft:spider_eye":1,"cte_essentials:cloth_0_boots":2,"cte_essentials:cloth_0_chestplate":1,"minecraft:stone_pickaxe":1,"mmorpg:jewelry/ring/iron":2,"lightmanscurrency:coin_iron":20,"minecraft:bow":3,"minecraft:wooden_pickaxe":1,"chococraft:gysahl_green":27},"minecraft:killed":{"minecraft:zombified_piglin":1,"minecraft:witch":2,"minecraft:spider":67,"monsterplus:crystal_zombie":42,"minecraft:skeleton":71,"monsterplus:glow_skeleton":55,"minecraft:bee":1,"alexsmobs:straddler":1,"minecraft:piglin_brute":8,"minecraft:magma_cube":29,"minecraft:piglin":12,"minecraft:pig":1,"minecraft:zombie_villager":5,"riskofrain_mobs:lemurian_entity":35,"minecraft:iron_golem":1,"alexsmobs:stradpole":1,"mutantmonsters:mutant_skeleton":2,"minecraft:creeper":98,"minecraft:sheep":7,"minecraft:pillager":2,"minecraft:zombie":202,"monsterplus:opalescent_eye":12,"alexsmobs:fly":1,"minecraft:glow_squid":3,"mutantmonsters:mutant_creeper":1,"monsterplus:lava_squid":5,"minecraft:cow":2,"minecraft:blaze":1,"monsterplus:abyssologer":3,"minecraft:horse":2,"alexsmobs:blue_jay":1,"minecraft:drowned":2,"realmrpg_wyrms:red_wyrm":3,"alexsmobs:rocky_roller":1,"minecraft:husk":11,"iceandfire:troll":1,"minecraft:bat":10,"alexsmobs:gelada_monkey":12,"monsterplus:spectral_skeleton":18,"riskofrain_mobs:stone_golem_entity":1,"iceandfire:ice_dragon":1,"goblintraders:vein_goblin_trader":1,"mutantmonsters:mutant_zombie":1,"minecraft:villager":1,"minecraft:enderman":5}},"DataVersion":3465}