{"stats":{"minecraft:crafted":{"minecraft:air":3,"minecraft:bread":3},"minecraft:custom":{"minecraft:time_since_rest":6840,"minecraft:blood":0,"minecraft:magic_shield":0,"lootr:looted_stat":1,"minecraft:sprint_one_cm":101020,"minecraft:walk_one_cm":75074,"minecraft:damage_taken":2256,"minecraft:damage_absorbed":3047,"minecraft:mob_kills":30,"minecraft:dexterity":0,"minecraft:intelligence":3,"minecraft:damage_dealt":4922,"minecraft:health":153,"minecraft:move_speed":0,"minecraft:damage_dealt_absorbed":74,"minecraft:interact_with_crafting_table":2,"minecraft:fly_one_cm":164892,"minecraft:crouch_one_cm":209,"minecraft:play_time":61238,"minecraft:deaths":5,"minecraft:bell_ring":5,"minecraft:sneak_time":23,"minecraft:jump":740,"minecraft:damage_dealt_resisted":0,"minecraft:energy":80,"minecraft:time_since_death":6810,"minecraft:strength":1,"minecraft:total_world_time":61238,"minecraft:fall_one_cm":28248,"minecraft:levels_gained":4,"minecraft:mana":80},"minecraft:picked_up":{"minecraft:wooden_axe":1,"minecraft:wheat":9,"mmorpg:material/farming/0":1,"cte_essentials:cloth_0_chestplate":1,"minecraft:sweet_berries":8,"minecraft:andesite":8,"minecraft:leather":6,"doggytalents:rice_grains":2,"mmorpg:stat_soul":3,"mmorpg:jewelry/necklace/iron":1,"mmorpg:weapon/staff/wood":1,"minecraft:string":1,"minecraft:dirt":17,"lightmanscurrency:coin_copper":28,"minecraft:arrow":6,"minecraft:bone":5,"minecraft:rotten_flesh":6,"minecraft:wheat_seeds":19,"minecraft:beef":4,"mmorpg:rare_mats/farming/lesser":1,"minecraft:gray_wool":1,"lightmanscurrency:coin_iron":8,"minecraft:mutton":9,"minecraft:white_wool":5},"minecraft:killed":{"minecraft:sheep":6,"minecraft:skeleton":5,"minecraft:zombie":8,"minecraft:zombie_villager":2,"minecraft:spider":4,"minecraft:cow":2,"minecraft:horse":2},"minecraft:mined":{"minecraft:large_fern":1,"minecraft:grass":13,"minecraft:fern":2},"minecraft:killed_by":{"minecraft:zombie":5},"minecraft:used":{"minecraft:bread":3,"minecraft:white_wool":1,"mmorpg:weapon/staff/wood":79,"minecraft:sweet_berries":14}},"DataVersion":3465}