{"stats":{"minecraft:crafted":{"globalxp:xp_block":2,"minecraft:furnace":1,"minecraft:iron_bars":1,"minecraft:stone_pickaxe":1,"minecraft:chest":2,"minecraft:emerald":1,"minecraft:crafting_table":1,"minecraft:spruce_planks":14,"minecraft:wooden_pickaxe":1,"minecraft:bread":3,"minecraft:air":64,"minecraft:stick":5,"minecraft:iron_ingot":12,"minecraft:iron_pickaxe":1,"minecraft:gold_ingot":12},"minecraft:custom":{"minecraft:blood":0,"lootr:looted_stat":7,"minecraft:mob_kills":220,"minecraft:dexterity":5,"minecraft:interact_with_crafting_table":24,"goblintraders:trade_with_goblin":4,"minecraft:interact_with_campfire":4,"minecraft:bell_ring":5,"minecraft:damage_dealt_resisted":0,"minecraft:leave_game":1,"minecraft:time_since_death":34664,"minecraft:climb_one_cm":5761,"minecraft:damage_resisted":0,"minecraft:mana":140,"minecraft:magic_shield":82,"minecraft:sprint_one_cm":344610,"minecraft:walk_one_cm":273831,"gateways:gates_defeated":1,"minecraft:drop":31,"minecraft:health":299,"minecraft:damage_dealt_absorbed":74,"minecraft:play_time":168552,"minecraft:deaths":6,"minecraft:sneak_time":261,"minecraft:jump":2091,"minecraft:energy":140,"minecraft:interact_with_blast_furnace":1,"minecraft:total_world_time":168552,"minecraft:interact_with_furnace":4,"minecraft:intelligence":20,"minecraft:move_speed":7,"minecraft:sleep_in_bed":1,"minecraft:levels_gained":10,"minecraft:time_since_rest":34699,"minecraft:waystone_activated":1,"minecraft:damage_taken":4738,"minecraft:damage_absorbed":6143,"minecraft:damage_dealt":6188,"minecraft:fly_one_cm":426697,"minecraft:open_chest":62,"minecraft:crouch_one_cm":492,"minecraft:strength":6,"minecraft:fall_one_cm":59317},"minecraft:dropped":{"minecraft:wheat_seeds":38,"minecraft:feather":1,"minecraft:cobblestone":18,"mmorpg:weapon/staff/wood":1,"minecraft:dirt":11,"minecraft:wooden_axe":1,"minecraft:iron_leggings":1,"minecraft:wooden_sword":1,"minecraft:bone":5,"cte_essentials:plate_0_helmet":1,"minecraft:sweet_berries":1,"mmorpg:runes/ano":1,"minecraft:rotten_flesh":23,"minecraft:cooked_mutton":1,"supplementaries:ash":4,"minecraft:gunpowder":1,"mmorpg:offhand/tome/iron":2,"mmorpg:offhand/tome/wood":1,"minecraft:melon_seeds":4,"cte_essentials:cloth_0_helmet":1,"cte_essentials:cloth_0_chestplate":1,"lightmanscurrency:coin_iron":20,"minecraft:arrow":1,"minecraft:bow":1,"minecraft:stone_pickaxe":1,"minecraft:wooden_pickaxe":1},"minecraft:picked_up":{"minecraft:wooden_axe":2,"mmorpg:stone/2":3,"minecraft:wheat":12,"mmorpg:material/farming/0":1,"cte_essentials:plate_0_helmet":1,"cte_essentials:cloth_1_helmet":1,"minecraft:string":10,"minecraft:wooden_sword":1,"minecraft:iron_leggings":1,"minecraft:bucket":1,"minecraft:beef":4,"cte_essentials:cloth_0_helmet":2,"mmorpg:stone/0":25,"mmorpg:offhand/tome/iron":3,"mmorpg:gems/amethyst/0":1,"mmorpg:currency/socket_adder":1,"minecraft:stick":2,"minecraft:raw_iron":18,"cte_essentials:cloth_0_chestplate":2,"minecraft:torch":1,"mmorpg:currency/affix_tier_up_down":1,"mmorpg:jewelry/necklace/iron":2,"mmorpg:skill_gems/support/int":2,"mmorpg:jewel/str":1,"minecraft:stone_sword":1,"minecraft:arrow":16,"minecraft:rotten_flesh":103,"minecraft:beetroot_seeds":4,"minecraft:gold_ingot":2,"mmorpg:runes/ita":1,"supplementaries:ash":4,"minecraft:mutton":9,"minecraft:white_wool":5,"minecraft:cobblestone":32,"minecraft:feather":1,"minecraft:glow_ink_sac":2,"minecraft:andesite":8,"minecraft:leather":6,"mmorpg:gems/azurite/0":2,"doggytalents:rice_grains":4,"minecraft:gunpowder":47,"minecraft:cobblestone_wall":1,"minecraft:dirt":28,"cte_essentials:plate_1_boots":1,"minecraft:cooked_mutton":4,"minecraft:bone":46,"minecraft:bow":2,"minecraft:wheat_seeds":63,"minecraft:raw_gold":8,"minecraft:iron_ingot":1,"mmorpg:rare_mats/farming/lesser":1,"lightmanscurrency:coin_iron":103,"mmorpg:skill_gems/support/str":1,"mmorpg:offhand/tome/wood":11,"minecraft:sweet_berries":9,"mmorpg:stat_soul":8,"mmorpg:weapon/staff/wood":3,"minecraft:spruce_log":6,"mmorpg:weapon/staff/iron":5,"minecraft:spectral_arrow":1,"minecraft:spruce_door":1,"minecraft:spider_eye":3,"lightmanscurrency:coin_copper":250,"mmorpg:gems/garnet/0":1,"mmorpg:rare_mats/mining/greater":1,"lightmanscurrency:wallet_gold":1,"mmorpg:rare_mats/mining/lesser":1,"mmorpg:stone/1":8,"minecraft:gray_wool":1,"minecraft:bread":1,"iceandfire:troll_leather_forest":4,"minecraft:melon_seeds":4,"minecraft:coal":27},"minecraft:mined":{"minecraft:large_fern":1,"minecraft:iron_ore":18,"minecraft:andesite":2,"minecraft:stone":20,"minecraft:spruce_log":7,"minecraft:grass":26,"minecraft:coal_ore":19,"minecraft:gold_ore":8,"minecraft:fern":3},"minecraft:killed":{"minecraft:witch":2,"minecraft:spider":29,"minecraft:skeleton":27,"minecraft:horse":2,"monsterplus:glow_skeleton":3,"alexsmobs:blue_jay":1,"minecraft:drowned":1,"minecraft:husk":11,"minecraft:zombie_villager":4,"riskofrain_mobs:lemurian_entity":1,"iceandfire:troll":1,"minecraft:iron_golem":1,"minecraft:creeper":23,"minecraft:sheep":7,"minecraft:zombie":100,"mutantmonsters:mutant_creeper":1,"minecraft:villager":1,"minecraft:cow":2},"minecraft:killed_by":{"minecraft:zombie":6},"minecraft:used":{"minecraft:spruce_planks":4,"minecraft:chest":2,"gateways:gate_pearl":1,"minecraft:skeleton_spawn_egg":1,"minecraft:wooden_axe":6,"minecraft:sweet_berries":14,"minecraft:furnace":1,"cte_essentials:plate_0_helmet":2,"minecraft:cooked_mutton":3,"minecraft:spruce_door":1,"minecraft:stone_pickaxe":45,"minecraft:wooden_pickaxe":3,"cte_essentials:cloth_0_helmet":3,"minecraft:white_wool":1,"minecraft:crafting_table":1,"minecraft:bread":11,"minecraft:iron_pickaxe":19,"mmorpg:weapon/staff/iron":2,"mmorpg:weapon/staff/wood":102,"globalxp:xp_block":1,"minecraft:cobblestone":2,"minecraft:andesite":7},"minecraft:broken":{"cte_essentials:cloth_0_boots":1,"cte_essentials:cloth_0_leggings":1,"cte_essentials:cloth_0_helmet":1,"cte_essentials:cloth_0_chestplate":1}},"DataVersion":3465}