{"stats":{"minecraft:custom":{"minecraft:blood":0,"lootr:looted_stat":10,"minecraft:mob_kills":328,"minecraft:dexterity":5,"minecraft:interact_with_crafting_table":42,"minecraft:open_barrel":4,"goblintraders:trade_with_goblin":4,"minecraft:interact_with_campfire":4,"minecraft:bell_ring":5,"minecraft:damage_dealt_resisted":0,"minecraft:leave_game":4,"minecraft:time_since_death":24325,"minecraft:climb_one_cm":5761,"minecraft:damage_resisted":0,"minecraft:mana":165,"minecraft:magic_shield":87,"minecraft:sprint_one_cm":559837,"minecraft:walk_one_cm":551203,"gateways:gates_defeated":1,"minecraft:drop":39,"minecraft:health":355,"minecraft:damage_dealt_absorbed":74,"minecraft:play_time":292839,"minecraft:deaths":9,"minecraft:sneak_time":693,"minecraft:walk_under_water_one_cm":142,"minecraft:jump":3418,"minecraft:energy":160,"minecraft:interact_with_blast_furnace":1,"minecraft:walk_on_water_one_cm":2279,"minecraft:total_world_time":292839,"minecraft:interact_with_furnace":10,"minecraft:intelligence":21,"minecraft:move_speed":7,"minecraft:sleep_in_bed":1,"minecraft:levels_gained":12,"minecraft:time_since_rest":24356,"minecraft:waystone_activated":1,"minecraft:damage_taken":8529,"minecraft:damage_absorbed":8268,"minecraft:damage_dealt":7122,"minecraft:swim_one_cm":6791,"minecraft:fly_one_cm":664281,"minecraft:open_chest":158,"minecraft:crouch_one_cm":2450,"minecraft:strength":6,"minecraft:fall_one_cm":99002},"minecraft:dropped":{"minecraft:wheat_seeds":38,"minecraft:dripstone_block":13,"minecraft:feather":1,"minecraft:cobblestone":20,"mmorpg:weapon/staff/wood":1,"minecraft:dirt":11,"minecraft:wooden_axe":1,"minecraft:iron_leggings":1,"minecraft:wooden_sword":1,"ftbquests:book":1,"minecraft:bone":5,"cte_essentials:plate_0_helmet":1,"minecraft:sweet_berries":1,"create:ochrum":5,"minecraft:cobbled_deepslate":18,"minecraft:tuff":12,"mmorpg:runes/ano":1,"minecraft:rotten_flesh":23,"minecraft:cooked_mutton":1,"supplementaries:ash":4,"minecraft:gunpowder":1,"minecraft:andesite":8,"mmorpg:offhand/tome/iron":3,"mmorpg:offhand/tome/wood":1,"minecraft:melon_seeds":4,"cte_essentials:cloth_0_helmet":1,"cte_essentials:cloth_0_chestplate":1,"minecraft:bow":1,"lightmanscurrency:coin_iron":20,"minecraft:arrow":1,"minecraft:stone_pickaxe":1,"minecraft:wooden_pickaxe":1},"minecraft:crafted":{"globalxp:xp_block":2,"minecraft:furnace":2,"minecraft:iron_bars":1,"minecraft:stone_pickaxe":1,"minecraft:chest":3,"minecraft:emerald":1,"minecraft:crafting_table":1,"minecraft:spruce_planks":22,"minecraft:wooden_pickaxe":1,"minecraft:bread":3,"minecraft:air":100,"sophisticatedstorage:chest":1,"minecraft:stick":5,"minecraft:iron_ingot":15,"minecraft:iron_pickaxe":2,"minecraft:gold_ingot":12,"minecraft:redstone_torch":1},"minecraft:picked_up":{"minecraft:wooden_axe":2,"minecraft:wheat":12,"chococraft:loverly_gysahl_green":2,"mmorpg:stone/2":3,"mmorpg:material/farming/0":1,"mekanism:raw_uranium":2,"mmorpg:skill_gems/aura/str":1,"mmorpg:jewelry/ring/iron":1,"cte_essentials:plate_0_helmet":1,"cte_essentials:cloth_1_helmet":1,"minecraft:string":14,"create:limestone":1,"minecraft:wooden_sword":1,"minecraft:iron_leggings":1,"minecraft:cobbled_deepslate":91,"minecraft:bucket":1,"minecraft:beef":4,"cte_essentials:cloth_0_helmet":2,"mmorpg:stone/0":25,"mmorpg:offhand/tome/iron":3,"mmorpg:gems/amethyst/0":1,"mmorpg:currency/socket_adder":1,"minecraft:stick":2,"minecraft:raw_iron":65,"cte_essentials:cloth_0_chestplate":2,"minecraft:torch":1,"mmorpg:currency/affix_tier_up_down":1,"mmorpg:jewelry/necklace/iron":2,"minecraft:music_disc_11":1,"mmorpg:skill_gems/support/int":3,"minecraft:redstone":82,"mmorpg:jewel/str":1,"minecraft:stone_sword":1,"minecraft:arrow":42,"minecraft:rotten_flesh":122,"minecraft:beetroot_seeds":4,"create:ochrum":5,"minecraft:gold_ingot":2,"mmorpg:runes/ita":1,"supplementaries:ash":4,"minecraft:mutton":9,"minecraft:white_wool":5,"minecraft:cobblestone":51,"minecraft:feather":1,"minecraft:glow_ink_sac":7,"stalwart_dungeons:wooden_hammer":1,"minecraft:andesite":16,"minecraft:leather":6,"mmorpg:gems/azurite/0":3,"doggytalents:rice_grains":4,"minecraft:flint":1,"minecraft:tuff":13,"minecraft:gunpowder":60,"minecraft:cobblestone_wall":1,"minecraft:lapis_lazuli":26,"minecraft:dirt":28,"cte_essentials:plate_1_boots":1,"mmorpg:currency/jewel_corrupt":1,"minecraft:cooked_mutton":4,"minecraft:bone":67,"chococraft:gysahl_green":28,"minecraft:bow":2,"minecraft:wheat_seeds":63,"minecraft:raw_gold":24,"ftbquests:book":1,"minecraft:iron_ingot":1,"mmorpg:rare_mats/farming/lesser":1,"lightmanscurrency:coin_iron":124,"mmorpg:skill_gems/support/str":1,"mmorpg:offhand/tome/wood":11,"cte_essentials:leather_0_boots":1,"minecraft:sweet_berries":13,"cte_essentials:plate_0_boots":2,"minecraft:dripstone_block":13,"mmorpg:stat_soul":9,"mmorpg:rare_mats/mining/medium":2,"minecraft:spruce_sapling":2,"mmorpg:weapon/staff/wood":3,"minecraft:spruce_log":11,"mmorpg:weapon/staff/iron":5,"minecraft:spectral_arrow":2,"mekanism:raw_osmium":24,"minecraft:spider_eye":4,"minecraft:spruce_door":1,"cte_essentials:stone_block_0":1,"lightmanscurrency:coin_copper":348,"mmorpg:gems/garnet/0":1,"mmorpg:rare_mats/mining/greater":1,"minecraft:diamond":18,"lightmanscurrency:wallet_gold":1,"mmorpg:rare_mats/mining/lesser":4,"mmorpg:stone/1":8,"minecraft:gray_wool":1,"minecraft:bread":1,"iceandfire:troll_leather_forest":4,"minecraft:melon_seeds":4,"minecraft:coal":27,"minecraft:ender_pearl":1},"minecraft:killed_by":{"minecraft:creeper":2,"minecraft:zombie":7},"minecraft:used":{"minecraft:chest":3,"minecraft:spruce_planks":4,"gateways:gate_pearl":1,"minecraft:skeleton_spawn_egg":1,"minecraft:tuff":1,"minecraft:wooden_axe":6,"minecraft:sweet_berries":16,"minecraft:furnace":2,"minecraft:cobbled_deepslate":2,"cte_essentials:plate_0_helmet":2,"minecraft:cooked_mutton":3,"minecraft:spruce_door":1,"minecraft:stone_pickaxe":45,"minecraft:wooden_pickaxe":3,"cte_essentials:cloth_0_helmet":4,"minecraft:white_wool":1,"minecraft:crafting_table":1,"minecraft:bread":14,"minecraft:iron_pickaxe":291,"minecraft:spruce_sapling":1,"mmorpg:weapon/staff/iron":33,"sophisticatedstorage:chest":1,"mmorpg:weapon/staff/wood":102,"globalxp:xp_block":1,"minecraft:cobblestone":5,"minecraft:andesite":7,"chococraft:gysahl_green":17},"minecraft:broken":{"cte_essentials:cloth_0_boots":1,"cte_essentials:cloth_0_leggings":1,"cte_essentials:cloth_0_helmet":1,"cte_essentials:cloth_0_chestplate":2,"minecraft:iron_pickaxe":1,"cte_essentials:cloth_1_helmet":1},"minecraft:killed":{"monsterplus:abyssologer":1,"minecraft:witch":2,"minecraft:spider":40,"monsterplus:crystal_zombie":5,"minecraft:skeleton":43,"minecraft:horse":2,"monsterplus:glow_skeleton":8,"alexsmobs:blue_jay":1,"minecraft:drowned":1,"minecraft:husk":11,"minecraft:zombie_villager":4,"riskofrain_mobs:lemurian_entity":1,"iceandfire:troll":1,"minecraft:iron_golem":1,"minecraft:bat":2,"minecraft:creeper":39,"minecraft:sheep":7,"alexsmobs:gelada_monkey":12,"minecraft:zombie":131,"monsterplus:spectral_skeleton":4,"monsterplus:opalescent_eye":3,"mutantmonsters:mutant_creeper":1,"minecraft:villager":1,"minecraft:enderman":1,"minecraft:cow":2},"minecraft:mined":{"minecraft:tuff":13,"minecraft:deepslate_diamond_ore":18,"create:ochrum":5,"minecraft:spruce_leaves":5,"minecraft:large_fern":1,"minecraft:iron_ore":47,"minecraft:andesite":9,"minecraft:deepslate_lapis_ore":3,"minecraft:deepslate_iron_ore":18,"minecraft:stone":39,"create:limestone":1,"minecraft:deepslate_redstone_ore":18,"mekanism:osmium_ore":24,"minecraft:deepslate_gold_ore":16,"minecraft:sweet_berry_bush":2,"minecraft:spruce_log":12,"minecraft:grass":26,"minecraft:coal_ore":19,"minecraft:gravel":1,"minecraft:dripstone_block":13,"mekanism:deepslate_uranium_ore":2,"minecraft:gold_ore":8,"minecraft:deepslate":85,"minecraft:fern":3}},"DataVersion":3465}