{"stats":{"minecraft:custom":{"minecraft:interact_with_smithing_table":2,"minecraft:blood":0,"lootr:looted_stat":28,"minecraft:mob_kills":123,"minecraft:dexterity":5,"minecraft:interact_with_crafting_table":13,"minecraft:bell_ring":4,"minecraft:damage_dealt_resisted":0,"minecraft:leave_game":3,"minecraft:time_since_death":97687,"minecraft:climb_one_cm":13427,"minecraft:damage_resisted":0,"minecraft:mana":157,"minecraft:magic_shield":94,"minecraft:sprint_one_cm":421101,"minecraft:walk_one_cm":389035,"minecraft:drop":46,"minecraft:health":318,"minecraft:damage_dealt_absorbed":40,"minecraft:talked_to_villager":11,"minecraft:play_time":256862,"minecraft:deaths":4,"minecraft:sneak_time":280,"minecraft:walk_under_water_one_cm":4597,"minecraft:boat_one_cm":20,"minecraft:jump":3278,"minecraft:energy":145,"minecraft:walk_on_water_one_cm":5111,"minecraft:total_world_time":256862,"minecraft:interact_with_furnace":6,"minecraft:intelligence":14,"minecraft:move_speed":0,"minecraft:sleep_in_bed":2,"minecraft:levels_gained":10,"minecraft:time_since_rest":24220,"minecraft:waystone_activated":1,"minecraft:damage_taken":5760,"minecraft:damage_absorbed":13862,"minecraft:damage_dealt":14455,"minecraft:swim_one_cm":30701,"minecraft:fly_one_cm":503622,"minecraft:crouch_one_cm":744,"minecraft:strength":10,"minecraft:fall_one_cm":72840},"minecraft:killed_by":{"minecraft:creeper":1,"riskofrain_mobs:lemurian_entity":1,"minecraft:zombie":2},"minecraft:killed":{"minecraft:spider":17,"minecraft:skeleton":15,"friendsandfoes:mauler":1,"minecraft:chicken":2,"minecraft:drowned":1,"alexsmobs:kangaroo":3,"minecraft:cat":2,"minecraft:zombie_villager":3,"riskofrain_mobs:lemurian_entity":2,"mutantmonsters:mutant_skeleton":3,"alexsmobs:rhinoceros":4,"alexsmobs:emu":1,"minecraft:zombie":46,"alexsmobs:elephant":6,"alexsmobs:gazelle":4,"minecraft:enderman":2,"minecraft:cow":1,"chococraft:chocobo":1},"minecraft:mined":{"minecraft:acacia_log":13,"minecraft:grass_block":15,"minecraft:jungle_log":4,"minecraft:hay_block":6,"minecraft:stone":16,"minecraft:cake":1,"minecraft:acacia_leaves":13,"minecraft:tall_grass":2,"minecraft:oak_planks":10,"minecraft:grass":75,"minecraft:coal_ore":3,"minecraft:oak_log":8,"minecraft:dirt":73,"minecraft:oak_leaves":16},"minecraft:crafted":{"minecraft:oak_planks":8,"minecraft:furnace":1,"minecraft:wheat":6,"minecraft:cooked_beef":2,"minecraft:crafting_table":3,"minecraft:jungle_boat":1,"minecraft:wooden_pickaxe":1,"minecraft:bread":18,"minecraft:air":134,"minecraft:jungle_planks":4,"minecraft:stick":4,"minecraft:stone_sword":1,"minecraft:acacia_planks":2},"minecraft:dropped":{"minecraft:bread":2,"minecraft:iron_sword":2,"mmorpg:stat_soul":3,"minecraft:wheat_seeds":13,"mmorpg:skill_gems/support/str":1,"minecraft:cobblestone":6,"mutantmonsters:mutant_skeleton_shoulder_pad":4,"minecraft:mushroom_stew":4,"minecraft:dirt":56,"mmorpg:runes/mos":1,"minecraft:wooden_sword":1,"mmorpg:offhand/dodge/wood":1,"cte_essentials:plate_0_boots":1,"minecraft:stone_sword":3,"minecraft:rotten_flesh":7,"mmorpg:weapon/staff/diamond":1,"alexsmobs:kangaroo_hide":4,"supplementaries:ash":2,"minecraft:shield":1,"minecraft:trident":2,"mutantmonsters:mutant_skeleton_limb":7,"minecraft:acacia_sapling":1,"mmorpg:currency/affix_tier_up_down":1,"minecraft:oak_sapling":3,"minecraft:spider_eye":1,"cte_essentials:cloth_0_chestplate":1,"minecraft:arrow":74,"minecraft:bow":2,"mmorpg:gems/amethyst/0":1},"minecraft:picked_up":{"minecraft:wooden_axe":1,"minecraft:coarse_dirt":1,"mmorpg:weapon/staff/diamond":1,"minecraft:shield":1,"cte_essentials:cloth_0_leggings":1,"minecraft:string":20,"mutantmonsters:mutant_skeleton_skull":1,"minecraft:wooden_sword":1,"cte_essentials:cloth_2_chestplate":1,"mmorpg:gems/tourmaline/0":1,"minecraft:beef":2,"cte_essentials:cloth_0_helmet":3,"mmorpg:runes/mos":1,"mmorpg:gems/amethyst/0":1,"minecraft:egg":1,"mmorpg:skill_gems/support/dex":2,"minecraft:stick":2,"cte_essentials:cloth_0_chestplate":2,"minecraft:acacia_log":13,"minecraft:trident":3,"mmorpg:skill_gems/support/int":1,"mutantmonsters:mutant_skeleton_pelvis":2,"cte_essentials:cloth_0_boots":1,"minecraft:stone_sword":2,"minecraft:arrow":47,"minecraft:rotten_flesh":10,"minecraft:hay_block":6,"mutantmonsters:mutant_skeleton_rib":9,"mmorpg:currency/level_up_orb":1,"supplementaries:ash":3,"mutantmonsters:mutant_skeleton_shoulder_pad":4,"alexsmobs:kangaroo_meat":1,"minecraft:cobblestone":16,"minecraft:air":0,"minecraft:tripwire_hook":1,"minecraft:jungle_log":4,"doggytalents:rice_grains":15,"minecraft:mushroom_stew":5,"minecraft:oak_log":8,"mutantmonsters:mutant_skeleton_limb":14,"minecraft:dirt":107,"minecraft:bone":6,"minecraft:apple":1,"minecraft:bow":1,"minecraft:wheat_seeds":26,"lightmanscurrency:coin_iron":65,"minecraft:iron_sword":1,"minecraft:acacia_sapling":2,"minecraft:oak_planks":10,"mmorpg:offhand/tome/wood":1,"cte_essentials:plate_0_boots":1,"mmorpg:stat_soul":4,"mmorpg:weapon/staff/wood":1,"minecraft:spider_eye":1,"lightmanscurrency:coin_copper":118,"mmorpg:offhand/dodge/wood":1,"minecraft:skeleton_spawn_egg":1,"alexsmobs:kangaroo_hide":4,"mmorpg:gems/ruby/0":1,"lightmanscurrency:coin_gold":4,"minecraft:crossbow":1,"mmorpg:rare_mats/mining/lesser":1,"minecraft:oak_sapling":4,"minecraft:coal":3},"minecraft:broken":{"cte_essentials:cloth_0_helmet":1,"cte_essentials:cloth_0_chestplate":1,"cte_essentials:cloth_1_leggings":1,"cte_essentials:plate_0_boots":1},"minecraft:used":{"minecraft:trident":120,"minecraft:stone_sword":57,"cte_essentials:cloth_0_leggings":1,"minecraft:iron_sword":1,"minecraft:rotten_flesh":2,"minecraft:dirt":51,"minecraft:wooden_axe":2,"cte_essentials:cloth_1_leggings":1,"mmorpg:weapon/staff/diamond":41,"minecraft:furnace":1,"minecraft:egg":1,"minecraft:cooked_beef":2,"minecraft:oak_planks":32,"minecraft:wooden_pickaxe":19,"minecraft:jungle_boat":1,"minecraft:crafting_table":3,"minecraft:apple":1,"minecraft:bread":13,"minecraft:coarse_dirt":1}},"DataVersion":3465}