{"stats":{"minecraft:crafted":{"minecraft:air":3,"minecraft:bread":3},"minecraft:custom":{"minecraft:time_since_rest":1453,"minecraft:blood":0,"minecraft:magic_shield":0,"lootr:looted_stat":1,"minecraft:sprint_one_cm":42505,"minecraft:walk_one_cm":46611,"minecraft:damage_taken":1238,"minecraft:damage_absorbed":2164,"minecraft:mob_kills":13,"minecraft:dexterity":0,"minecraft:intelligence":2,"minecraft:damage_dealt":2512,"minecraft:health":132,"minecraft:move_speed":0,"minecraft:damage_dealt_absorbed":74,"minecraft:interact_with_crafting_table":2,"minecraft:fly_one_cm":55720,"minecraft:crouch_one_cm":46,"minecraft:play_time":37238,"minecraft:deaths":3,"minecraft:bell_ring":5,"minecraft:sneak_time":11,"minecraft:jump":282,"minecraft:damage_dealt_resisted":0,"minecraft:energy":70,"minecraft:time_since_death":1428,"minecraft:strength":0,"minecraft:total_world_time":37238,"minecraft:fall_one_cm":8098,"minecraft:levels_gained":3,"minecraft:mana":70},"minecraft:picked_up":{"minecraft:wooden_axe":1,"minecraft:wheat":9,"mmorpg:material/farming/0":1,"cte_essentials:cloth_0_chestplate":1,"minecraft:sweet_berries":8,"doggytalents:rice_grains":2,"mmorpg:stat_soul":2,"mmorpg:weapon/staff/wood":1,"lightmanscurrency:coin_copper":14,"minecraft:arrow":4,"minecraft:bone":5,"minecraft:rotten_flesh":2,"minecraft:wheat_seeds":18,"mmorpg:rare_mats/farming/lesser":1,"lightmanscurrency:coin_iron":7},"minecraft:killed":{"minecraft:skeleton":4,"minecraft:zombie":4,"minecraft:zombie_villager":2,"minecraft:spider":3},"minecraft:mined":{"minecraft:large_fern":1,"minecraft:grass":6,"minecraft:fern":1},"minecraft:killed_by":{"minecraft:zombie":3},"minecraft:used":{"minecraft:bread":1,"mmorpg:weapon/staff/wood":33,"minecraft:sweet_berries":5}},"DataVersion":3465}