{"stats":{"minecraft:crafted":{"minecraft:spruce_planks":5,"minecraft:bread":3,"minecraft:air":24,"minecraft:chest":1},"minecraft:custom":{"minecraft:blood":0,"lootr:looted_stat":2,"minecraft:mob_kills":71,"minecraft:dexterity":5,"minecraft:intelligence":15,"minecraft:move_speed":0,"minecraft:interact_with_crafting_table":7,"minecraft:interact_with_campfire":4,"minecraft:bell_ring":5,"minecraft:damage_dealt_resisted":0,"minecraft:leave_game":1,"minecraft:time_since_death":54124,"minecraft:sleep_in_bed":1,"minecraft:climb_one_cm":74,"minecraft:levels_gained":7,"minecraft:mana":122,"minecraft:time_since_rest":27808,"minecraft:magic_shield":70,"minecraft:waystone_activated":1,"minecraft:sprint_one_cm":174693,"minecraft:damage_absorbed":4166,"minecraft:damage_taken":2779,"minecraft:walk_one_cm":155573,"minecraft:drop":9,"minecraft:damage_dealt":6125,"minecraft:health":245,"minecraft:damage_dealt_absorbed":74,"minecraft:fly_one_cm":221118,"minecraft:open_chest":15,"minecraft:crouch_one_cm":209,"minecraft:play_time":108552,"minecraft:deaths":5,"minecraft:sneak_time":25,"minecraft:jump":1057,"minecraft:energy":110,"minecraft:interact_with_blast_furnace":1,"minecraft:strength":6,"minecraft:total_world_time":108552,"minecraft:fall_one_cm":33883},"minecraft:dropped":{"minecraft:sweet_berries":1,"minecraft:wheat_seeds":38,"mmorpg:runes/ano":1,"minecraft:gunpowder":1,"mmorpg:offhand/tome/wood":1,"lightmanscurrency:coin_iron":20,"minecraft:bow":1,"cte_essentials:plate_0_helmet":1},"minecraft:picked_up":{"minecraft:wooden_axe":1,"minecraft:wheat":12,"mmorpg:material/farming/0":1,"minecraft:andesite":8,"minecraft:leather":6,"mmorpg:gems/azurite/0":1,"doggytalents:rice_grains":4,"minecraft:cobblestone_wall":1,"minecraft:gunpowder":4,"cte_essentials:plate_0_helmet":1,"minecraft:string":4,"minecraft:dirt":17,"minecraft:cooked_mutton":4,"minecraft:bone":14,"minecraft:bow":2,"minecraft:wheat_seeds":63,"minecraft:beef":4,"mmorpg:rare_mats/farming/lesser":1,"cte_essentials:cloth_0_helmet":1,"lightmanscurrency:coin_iron":28,"mmorpg:offhand/tome/wood":11,"minecraft:stick":2,"cte_essentials:cloth_0_chestplate":1,"minecraft:sweet_berries":9,"minecraft:torch":1,"mmorpg:stat_soul":4,"mmorpg:jewelry/necklace/iron":2,"mmorpg:weapon/staff/wood":1,"mmorpg:weapon/staff/iron":5,"minecraft:spruce_door":1,"lightmanscurrency:coin_copper":115,"minecraft:arrow":13,"minecraft:rotten_flesh":16,"lightmanscurrency:wallet_gold":1,"minecraft:gray_wool":1,"minecraft:mutton":9,"minecraft:white_wool":5},"minecraft:mined":{"minecraft:large_fern":1,"minecraft:grass":26,"minecraft:fern":3},"minecraft:killed":{"minecraft:witch":2,"minecraft:zombie_villager":3,"riskofrain_mobs:lemurian_entity":1,"minecraft:spider":7,"minecraft:creeper":5,"minecraft:sheep":7,"minecraft:horse":2,"minecraft:skeleton":13,"minecraft:zombie":26,"minecraft:villager":1,"minecraft:cow":2},"minecraft:killed_by":{"minecraft:zombie":5},"minecraft:used":{"minecraft:cooked_mutton":3,"minecraft:spruce_door":1,"minecraft:chest":1,"cte_essentials:cloth_0_helmet":3,"minecraft:white_wool":1,"minecraft:skeleton_spawn_egg":1,"minecraft:bread":3,"mmorpg:weapon/staff/wood":102,"minecraft:sweet_berries":14,"minecraft:andesite":7,"cte_essentials:plate_0_helmet":2}},"DataVersion":3465}