{"stats":{"minecraft:custom":{"minecraft:blood":0,"minecraft:interact_with_furnace":4,"minecraft:mob_kills":27,"minecraft:dexterity":5,"minecraft:intelligence":7,"minecraft:move_speed":0,"minecraft:interact_with_crafting_table":7,"minecraft:damage_dealt_resisted":0,"minecraft:leave_game":3,"minecraft:time_since_death":35602,"minecraft:levels_gained":6,"minecraft:mana":106,"minecraft:time_since_rest":35628,"minecraft:magic_shield":0,"minecraft:sprint_one_cm":128773,"minecraft:walk_one_cm":193687,"minecraft:damage_taken":2377,"minecraft:damage_absorbed":8280,"minecraft:drop":7,"minecraft:damage_dealt":8383,"minecraft:health":244,"minecraft:swim_one_cm":546,"minecraft:talked_to_villager":1,"minecraft:fly_one_cm":124196,"minecraft:crouch_one_cm":80,"minecraft:play_time":124862,"minecraft:deaths":1,"minecraft:sneak_time":97,"minecraft:walk_under_water_one_cm":95,"minecraft:jump":937,"minecraft:energy":100,"minecraft:walk_on_water_one_cm":273,"minecraft:strength":10,"minecraft:total_world_time":124862,"minecraft:fall_one_cm":21117},"minecraft:killed_by":{"minecraft:zombie":1},"minecraft:killed":{"minecraft:spider":3,"mutantmonsters:mutant_skeleton":2,"minecraft:skeleton":3,"minecraft:zombie":13,"alexsmobs:elephant":2,"minecraft:cow":1},"minecraft:mined":{"minecraft:acacia_leaves":13,"minecraft:acacia_log":13,"minecraft:grass_block":11,"minecraft:tall_grass":2,"minecraft:grass":74,"minecraft:oak_log":8,"minecraft:coal_ore":3,"minecraft:dirt":70,"minecraft:stone":16,"minecraft:oak_leaves":14},"minecraft:dropped":{"mutantmonsters:mutant_skeleton_shoulder_pad":1,"minecraft:dirt":7,"minecraft:trident":2,"mutantmonsters:mutant_skeleton_limb":7,"minecraft:arrow":64,"minecraft:bow":1},"minecraft:crafted":{"minecraft:cooked_beef":2,"minecraft:oak_planks":8,"minecraft:crafting_table":2,"minecraft:wooden_pickaxe":1,"minecraft:furnace":1,"minecraft:air":44,"minecraft:stick":4,"minecraft:stone_sword":1,"minecraft:acacia_planks":2},"minecraft:picked_up":{"minecraft:wooden_axe":1,"doggytalents:rice_grains":15,"minecraft:oak_log":8,"minecraft:shield":1,"mutantmonsters:mutant_skeleton_limb":14,"minecraft:dirt":104,"minecraft:string":3,"mutantmonsters:mutant_skeleton_skull":1,"minecraft:wooden_sword":1,"minecraft:bone":4,"minecraft:apple":1,"minecraft:bow":1,"minecraft:wheat_seeds":13,"mmorpg:gems/tourmaline/0":1,"minecraft:beef":2,"lightmanscurrency:coin_iron":24,"minecraft:acacia_sapling":1,"minecraft:egg":1,"mmorpg:skill_gems/support/dex":1,"cte_essentials:cloth_0_chestplate":1,"minecraft:acacia_log":13,"mmorpg:stat_soul":3,"minecraft:trident":3,"mmorpg:skill_gems/support/int":1,"mutantmonsters:mutant_skeleton_pelvis":2,"lightmanscurrency:coin_copper":41,"minecraft:stone_sword":1,"minecraft:arrow":38,"minecraft:rotten_flesh":9,"mmorpg:gems/ruby/0":1,"minecraft:crossbow":1,"mmorpg:rare_mats/mining/lesser":1,"mutantmonsters:mutant_skeleton_rib":9,"supplementaries:ash":1,"minecraft:oak_sapling":3,"mutantmonsters:mutant_skeleton_shoulder_pad":3,"minecraft:coal":3,"minecraft:cobblestone":16},"minecraft:used":{"minecraft:trident":64,"minecraft:stone_sword":57,"minecraft:wooden_pickaxe":19,"minecraft:iron_sword":1,"minecraft:rotten_flesh":2,"minecraft:dirt":48,"minecraft:crafting_table":2,"minecraft:apple":1,"minecraft:furnace":1,"minecraft:egg":1,"minecraft:cooked_beef":2}},"DataVersion":3465}