{"stats":{"minecraft:custom":{"minecraft:deaths":2,"minecraft:time_since_rest":3355,"minecraft:blood":0,"minecraft:magic_shield":0,"minecraft:crouch_one_cm":46,"minecraft:play_time":25238,"minecraft:sprint_one_cm":24786,"minecraft:damage_absorbed":1071,"minecraft:damage_taken":739,"minecraft:walk_one_cm":28052,"minecraft:sneak_time":11,"minecraft:mob_kills":3,"minecraft:dexterity":0,"minecraft:damage_dealt_resisted":0,"minecraft:jump":193,"minecraft:intelligence":0,"minecraft:energy":60,"minecraft:damage_dealt":512,"minecraft:health":116,"minecraft:time_since_death":3309,"minecraft:move_speed":0,"minecraft:strength":0,"minecraft:total_world_time":25238,"minecraft:levels_gained":2,"lootr:looted_stat":1,"minecraft:mana":60,"minecraft:fall_one_cm":5085,"minecraft:fly_one_cm":37160},"minecraft:picked_up":{"mmorpg:material/farming/0":1,"minecraft:wheat":9,"minecraft:bone":1,"minecraft:rotten_flesh":1,"minecraft:sweet_berries":8,"minecraft:wheat_seeds":17,"doggytalents:rice_grains":2,"mmorpg:stat_soul":1,"mmorpg:rare_mats/farming/lesser":1,"mmorpg:weapon/staff/wood":1,"lightmanscurrency:coin_iron":4,"minecraft:arrow":1,"lightmanscurrency:coin_copper":7},"minecraft:killed":{"minecraft:zombie":2,"minecraft:skeleton":1},"minecraft:mined":{"minecraft:large_fern":1,"minecraft:grass":6,"minecraft:fern":1},"minecraft:killed_by":{"minecraft:zombie":2},"minecraft:used":{"minecraft:sweet_berries":1}},"DataVersion":3465}