{"stats":{"minecraft:custom":{"minecraft:interact_with_smithing_table":2,"minecraft:blood":0,"lootr:looted_stat":8,"minecraft:interact_with_furnace":4,"minecraft:mob_kills":30,"minecraft:dexterity":5,"minecraft:intelligence":10,"minecraft:move_speed":0,"minecraft:interact_with_crafting_table":7,"minecraft:damage_dealt_resisted":0,"minecraft:leave_game":3,"minecraft:time_since_death":47602,"minecraft:levels_gained":6,"minecraft:mana":111,"minecraft:time_since_rest":47628,"minecraft:magic_shield":19,"minecraft:sprint_one_cm":148284,"minecraft:walk_one_cm":207565,"minecraft:damage_taken":2561,"minecraft:damage_absorbed":8509,"minecraft:drop":8,"minecraft:damage_dealt":9130,"minecraft:health":244,"minecraft:swim_one_cm":5064,"minecraft:talked_to_villager":1,"minecraft:fly_one_cm":131333,"minecraft:crouch_one_cm":80,"minecraft:play_time":136862,"minecraft:deaths":1,"minecraft:sneak_time":102,"minecraft:walk_under_water_one_cm":2185,"minecraft:jump":982,"minecraft:energy":100,"minecraft:walk_on_water_one_cm":1403,"minecraft:strength":10,"minecraft:total_world_time":136862,"minecraft:fall_one_cm":21804},"minecraft:killed_by":{"minecraft:zombie":1},"minecraft:killed":{"minecraft:spider":3,"mutantmonsters:mutant_skeleton":2,"minecraft:skeleton":3,"minecraft:zombie":15,"alexsmobs:elephant":2,"alexsmobs:kangaroo":1,"minecraft:cow":1},"minecraft:mined":{"minecraft:acacia_leaves":13,"minecraft:acacia_log":13,"minecraft:grass_block":11,"minecraft:tall_grass":2,"minecraft:grass":74,"minecraft:oak_log":8,"minecraft:coal_ore":3,"minecraft:dirt":70,"minecraft:stone":16,"minecraft:oak_leaves":14},"minecraft:dropped":{"mmorpg:offhand/dodge/wood":1,"mutantmonsters:mutant_skeleton_shoulder_pad":1,"minecraft:dirt":7,"minecraft:trident":2,"mutantmonsters:mutant_skeleton_limb":7,"minecraft:arrow":64,"minecraft:bow":1},"minecraft:crafted":{"minecraft:cooked_beef":2,"minecraft:oak_planks":8,"minecraft:crafting_table":2,"minecraft:wooden_pickaxe":1,"minecraft:furnace":1,"minecraft:air":44,"minecraft:stick":4,"minecraft:stone_sword":1,"minecraft:acacia_planks":2},"minecraft:picked_up":{"minecraft:wooden_axe":1,"minecraft:coarse_dirt":1,"doggytalents:rice_grains":15,"minecraft:oak_log":8,"minecraft:shield":1,"mutantmonsters:mutant_skeleton_limb":14,"minecraft:dirt":104,"minecraft:string":3,"mutantmonsters:mutant_skeleton_skull":1,"minecraft:wooden_sword":1,"minecraft:bone":4,"minecraft:apple":1,"minecraft:bow":1,"minecraft:wheat_seeds":13,"mmorpg:gems/tourmaline/0":1,"minecraft:beef":2,"lightmanscurrency:coin_iron":29,"minecraft:acacia_sapling":1,"minecraft:egg":1,"mmorpg:skill_gems/support/dex":1,"cte_essentials:cloth_0_chestplate":1,"minecraft:acacia_log":13,"mmorpg:stat_soul":3,"minecraft:trident":3,"mmorpg:skill_gems/support/int":1,"mutantmonsters:mutant_skeleton_pelvis":2,"mmorpg:offhand/dodge/wood":1,"lightmanscurrency:coin_copper":49,"alexsmobs:kangaroo_hide":2,"minecraft:stone_sword":1,"minecraft:arrow":38,"minecraft:rotten_flesh":9,"mmorpg:gems/ruby/0":1,"minecraft:crossbow":1,"mmorpg:rare_mats/mining/lesser":1,"mutantmonsters:mutant_skeleton_rib":9,"supplementaries:ash":1,"minecraft:oak_sapling":3,"mutantmonsters:mutant_skeleton_shoulder_pad":3,"minecraft:coal":3,"alexsmobs:kangaroo_meat":1,"minecraft:cobblestone":16},"minecraft:used":{"minecraft:trident":75,"minecraft:stone_sword":57,"minecraft:wooden_pickaxe":19,"minecraft:iron_sword":1,"minecraft:rotten_flesh":2,"minecraft:dirt":48,"minecraft:crafting_table":2,"minecraft:apple":1,"minecraft:furnace":1,"minecraft:egg":1,"minecraft:cooked_beef":2,"minecraft:coarse_dirt":1}},"DataVersion":3465}