{"stats":{"minecraft:killed_by":{"minecraft:creeper":3,"minecraft:spider":1,"monsterplus:glow_skeleton":1,"iceandfire:ice_dragon":1,"minecraft:zombie":7},"minecraft:picked_up":{"minecraft:wooden_axe":2,"minecraft:wheat":12,"chococraft:loverly_gysahl_green":2,"mmorpg:stone/2":3,"mmorpg:material/farming/0":1,"minecraft:azure_bluet":1,"illagerinvasion:platinum_chunk":1,"mekanism:raw_uranium":2,"mmorpg:skill_gems/aura/str":2,"mmorpg:jewelry/ring/iron":2,"minecraft:shield":4,"cte_essentials:plate_0_helmet":1,"cte_essentials:cloth_0_leggings":1,"cte_essentials:cloth_1_helmet":1,"mmorpg:skill_gems/aura/dex":2,"minecraft:string":21,"create:limestone":1,"minecraft:wooden_sword":1,"minecraft:iron_leggings":1,"mmorpg:jewel/dex":2,"minecraft:cobbled_deepslate":154,"minecraft:bucket":1,"minecraft:spruce_planks":3,"minecraft:beef":4,"cte_essentials:cloth_0_helmet":2,"mmorpg:skill_gems/support/dex":2,"mmorpg:currency/chaos_orb":1,"mmorpg:material/fishing/0":1,"mmorpg:stone/0":25,"minecraft:birch_sapling":1,"mmorpg:offhand/tome/iron":3,"mmorpg:gems/amethyst/0":1,"globalxp:xp_block":2,"mmorpg:currency/socket_adder":1,"iceandfire:ice_dragon_heart":1,"iceandfire:dragonbone":10,"minecraft:stick":2,"minecraft:raw_iron":84,"cte_essentials:cloth_0_chestplate":2,"minecraft:torch":1,"mmorpg:currency/affix_tier_up_down":1,"mmorpg:jewelry/necklace/iron":2,"minecraft:music_disc_11":1,"minecraft:trident":2,"mmorpg:skill_gems/support/int":5,"minecraft:redstone":132,"mmorpg:jewel/str":1,"iceandfire:dragon_skull_ice":1,"cte_essentials:cloth_0_boots":1,"minecraft:stone_sword":1,"minecraft:arrow":66,"minecraft:rotten_flesh":140,"minecraft:beetroot_seeds":4,"mmorpg:currency/affix_common_reroll":1,"create:ochrum":5,"iceandfire:dragonscales_silver":17,"minecraft:hay_block":5,"minecraft:gold_ingot":2,"mmorpg:runes/ita":1,"supplementaries:ash":4,"minecraft:mutton":11,"minecraft:white_wool":6,"minecraft:cobblestone":52,"minecraft:birch_log":10,"cte_essentials:cloth_2_leggings":1,"minecraft:feather":1,"cte_essentials:leather_4_helmet":1,"cte_essentials:leather_5_helmet":3,"minecraft:glow_ink_sac":19,"stalwart_dungeons:wooden_hammer":1,"aquaculture:tuna":1,"minecraft:andesite":22,"minecraft:leather":6,"mmorpg:gems/azurite/0":3,"doggytalents:rice_grains":5,"minecraft:flint":1,"minecraft:golden_boots":1,"minecraft:tuff":13,"minecraft:oak_log":7,"minecraft:gunpowder":85,"minecraft:cobblestone_wall":1,"minecraft:lapis_lazuli":26,"minecraft:dirt":41,"cte_essentials:plate_1_boots":1,"mmorpg:currency/jewel_corrupt":1,"minecraft:cooked_mutton":4,"minecraft:bone":98,"farmersdelight:iron_knife":1,"chococraft:gysahl_green":60,"minecraft:bow":4,"minecraft:wheat_seeds":66,"minecraft:raw_gold":30,"ftbquests:book":1,"minecraft:iron_ingot":1,"mmorpg:rare_mats/farming/lesser":1,"minecraft:glowstone_dust":2,"lightmanscurrency:coin_iron":144,"minecraft:oak_planks":1,"mmorpg:skill_gems/support/str":1,"mmorpg:offhand/dodge/wood":1,"mmorpg:offhand/tome/wood":12,"minecraft:dandelion":2,"cte_essentials:leather_0_boots":1,"minecraft:sweet_berries":13,"minecraft:purple_bed":2,"cte_essentials:plate_0_boots":5,"mmorpg:jewelry/ring/gold":1,"minecraft:dripstone_block":13,"mmorpg:stat_soul":13,"mmorpg:rare_mats/mining/medium":2,"minecraft:spruce_sapling":5,"mmorpg:weapon/staff/wood":4,"minecraft:spruce_log":32,"mmorpg:weapon/staff/iron":5,"minecraft:spectral_arrow":13,"mekanism:raw_osmium":24,"minecraft:spider_eye":5,"minecraft:spruce_door":1,"cte_essentials:stone_block_0":1,"mmorpg:jewel/int":1,"lightmanscurrency:coin_copper":390,"mmorpg:gems/garnet/0":1,"mmorpg:rare_mats/mining/greater":2,"minecraft:deepslate":3,"minecraft:diamond":39,"lightmanscurrency:wallet_gold":1,"iceandfire:ice_dragon_flesh":6,"mmorpg:rare_mats/mining/lesser":4,"mmorpg:stone/1":8,"minecraft:gray_wool":1,"minecraft:emerald":1,"minecraft:bread":1,"iceandfire:silver_nugget":6,"iceandfire:troll_leather_forest":4,"minecraft:oak_sapling":2,"minecraft:melon_seeds":4,"minecraft:coal":27,"minecraft:ender_pearl":2},"minecraft:broken":{"cte_essentials:cloth_0_boots":1,"cte_essentials:cloth_0_leggings":1,"cte_essentials:cloth_0_helmet":2,"cte_essentials:cloth_0_chestplate":2,"minecraft:iron_pickaxe":1,"cte_essentials:cloth_1_helmet":1},"minecraft:mined":{"minecraft:tuff":15,"minecraft:spruce_planks":3,"minecraft:deepslate_diamond_ore":34,"minecraft:grass_block":1,"create:ochrum":5,"minecraft:spawner":1,"minecraft:spruce_leaves":24,"minecraft:hay_block":5,"minecraft:large_fern":2,"minecraft:iron_ore":47,"minecraft:cobbled_deepslate":3,"minecraft:andesite":15,"minecraft:deepslate_lapis_ore":3,"minecraft:deepslate_iron_ore":38,"minecraft:stone":39,"create:limestone":1,"minecraft:deepslate_redstone_ore":29,"mekanism:osmium_ore":24,"minecraft:glass_pane":1,"minecraft:tall_grass":3,"minecraft:cobblestone":1,"minecraft:deepslate_gold_ore":22,"minecraft:oak_planks":1,"minecraft:birch_log":10,"minecraft:purple_bed":2,"minecraft:dirt":1,"minecraft:birch_leaves":13,"minecraft:oak_log":8,"minecraft:sweet_berry_bush":2,"globalxp:xp_block":2,"minecraft:spruce_log":33,"minecraft:grass":29,"minecraft:coal_ore":19,"minecraft:gravel":1,"minecraft:dripstone_block":13,"mekanism:deepslate_uranium_ore":2,"minecraft:gold_ore":8,"minecraft:oak_leaves":18,"minecraft:deepslate":146,"minecraft:fern":3},"minecraft:killed":{"monsterplus:abyssologer":2,"minecraft:witch":2,"minecraft:spider":56,"monsterplus:crystal_zombie":21,"minecraft:skeleton":61,"minecraft:horse":2,"monsterplus:glow_skeleton":34,"alexsmobs:blue_jay":1,"minecraft:drowned":2,"minecraft:husk":11,"minecraft:pig":1,"minecraft:zombie_villager":5,"riskofrain_mobs:lemurian_entity":7,"iceandfire:troll":1,"minecraft:iron_golem":1,"minecraft:bat":8,"mutantmonsters:mutant_skeleton":2,"minecraft:creeper":74,"minecraft:sheep":7,"alexsmobs:gelada_monkey":12,"minecraft:pillager":2,"iceandfire:ice_dragon":1,"minecraft:zombie":158,"monsterplus:spectral_skeleton":14,"monsterplus:opalescent_eye":10,"minecraft:glow_squid":3,"mutantmonsters:mutant_zombie":1,"mutantmonsters:mutant_creeper":1,"minecraft:villager":1,"minecraft:enderman":2,"minecraft:cow":2},"minecraft:crafted":{"minecraft:oak_planks":7,"globalxp:xp_block":2,"minecraft:furnace":2,"minecraft:iron_bars":1,"minecraft:iron_axe":1,"minecraft:stone_pickaxe":1,"minecraft:chest":7,"minecraft:wheat":5,"minecraft:emerald":1,"minecraft:crafting_table":4,"minecraft:spruce_planks":46,"minecraft:wooden_pickaxe":1,"minecraft:bucket":1,"sophisticatedstorage:basic_to_iron_tier_upgrade":2,"minecraft:birch_planks":10,"minecraft:bread":21,"minecraft:air":335,"sophisticatedstorage:chest":1,"minecraft:stick":11,"minecraft:iron_ingot":15,"minecraft:iron_pickaxe":2,"minecraft:gold_ingot":12,"minecraft:redstone_torch":9},"minecraft:used":{"minecraft:chest":7,"minecraft:spruce_planks":71,"gateways:gate_pearl":1,"minecraft:dirt":2,"minecraft:skeleton_spawn_egg":1,"minecraft:tuff":1,"minecraft:azure_bluet":1,"minecraft:wooden_axe":6,"minecraft:iron_axe":70,"minecraft:sweet_berries":16,"minecraft:oak_sapling":2,"minecraft:furnace":2,"minecraft:cobbled_deepslate":42,"cte_essentials:plate_0_helmet":2,"minecraft:cooked_mutton":3,"minecraft:water_bucket":1,"minecraft:spruce_door":1,"minecraft:stone_pickaxe":45,"minecraft:oak_planks":19,"minecraft:wooden_pickaxe":3,"cte_essentials:cloth_0_helmet":4,"minecraft:white_wool":1,"minecraft:crafting_table":4,"sophisticatedstorage:basic_to_iron_tier_upgrade":1,"minecraft:purple_bed":1,"minecraft:bread":31,"minecraft:iron_pickaxe":421,"minecraft:spruce_sapling":3,"mmorpg:weapon/staff/iron":176,"sophisticatedstorage:chest":1,"mmorpg:weapon/staff/wood":102,"minecraft:fishing_rod":2,"globalxp:xp_block":3,"minecraft:cobblestone":6,"minecraft:bucket":2,"minecraft:andesite":7,"chococraft:gysahl_green":28},"minecraft:dropped":{"minecraft:wheat_seeds":41,"chococraft:loverly_gysahl_green":2,"minecraft:diamond":10,"minecraft:dripstone_block":13,"minecraft:feather":1,"minecraft:cobblestone":20,"mmorpg:skill_gems/aura/dex":2,"mmorpg:weapon/staff/wood":1,"minecraft:stick":2,"minecraft:dirt":22,"minecraft:wooden_axe":1,"minecraft:iron_leggings":1,"minecraft:wooden_sword":1,"ftbquests:book":1,"minecraft:spruce_sapling":1,"minecraft:bone":6,"cte_essentials:plate_0_helmet":1,"cte_essentials:leather_5_helmet":1,"cte_essentials:leather_4_helmet":1,"minecraft:sweet_berries":1,"cte_essentials:plate_0_boots":1,"create:ochrum":5,"minecraft:cobbled_deepslate":82,"minecraft:tuff":12,"minecraft:deepslate":1,"mmorpg:runes/ano":1,"minecraft:rotten_flesh":40,"minecraft:cooked_mutton":1,"doggytalents:rice_grains":1,"supplementaries:ash":4,"minecraft:purple_bed":1,"minecraft:shield":1,"minecraft:gunpowder":2,"globalxp:xp_block":1,"mmorpg:offhand/tome/iron":3,"mmorpg:offhand/tome/wood":1,"minecraft:andesite":8,"minecraft:melon_seeds":4,"cte_essentials:cloth_0_helmet":1,"minecraft:bow":1,"lightmanscurrency:coin_iron":20,"minecraft:arrow":1,"cte_essentials:cloth_0_chestplate":1,"minecraft:stone_pickaxe":1,"minecraft:wooden_pickaxe":1,"chococraft:gysahl_green":27},"minecraft:custom":{"minecraft:blood":0,"lootr:looted_stat":36,"minecraft:mob_kills":513,"minecraft:dexterity":7,"minecraft:interact_with_crafting_table":60,"minecraft:open_barrel":4,"goblintraders:trade_with_goblin":4,"minecraft:interact_with_campfire":4,"minecraft:bell_ring":5,"minecraft:damage_dealt_resisted":7,"minecraft:leave_game":4,"minecraft:time_since_death":13870,"minecraft:climb_one_cm":9711,"minecraft:damage_resisted":0,"minecraft:mana":234,"minecraft:magic_shield":93,"minecraft:sprint_one_cm":997884,"minecraft:walk_one_cm":866877,"gateways:gates_defeated":1,"minecraft:drop":72,"minecraft:health":443,"minecraft:damage_dealt_absorbed":74,"minecraft:play_time":429096,"minecraft:deaths":15,"minecraft:sneak_time":2319,"minecraft:walk_under_water_one_cm":4285,"minecraft:jump":6891,"minecraft:energy":212,"minecraft:interact_with_blast_furnace":1,"minecraft:walk_on_water_one_cm":16919,"minecraft:total_world_time":429096,"minecraft:interact_with_furnace":10,"minecraft:intelligence":33,"minecraft:move_speed":7,"minecraft:sleep_in_bed":2,"minecraft:levels_gained":16,"minecraft:time_since_rest":13916,"minecraft:waystone_activated":4,"minecraft:damage_taken":15364,"minecraft:damage_absorbed":13476,"minecraft:damage_dealt":12243,"minecraft:swim_one_cm":57505,"minecraft:fly_one_cm":1403535,"minecraft:open_chest":220,"minecraft:crouch_one_cm":7505,"minecraft:strength":8,"minecraft:fish_caught":1,"minecraft:fall_one_cm":237685}},"DataVersion":3465}