{"stats":{"minecraft:picked_up":{"minecraft:wooden_axe":2,"minecraft:birch_door":2,"chococraft:loverly_gysahl_green":2,"minecraft:wheat":12,"mmorpg:material/farming/0":1,"illagerinvasion:platinum_chunk":1,"mekanism:raw_uranium":8,"cte_essentials:plate_0_helmet":1,"mmorpg:skill_gems/aura/dex":2,"cte_essentials:cloth_1_helmet":1,"minecraft:string":23,"mekanismgenerators:heat_generator":3,"minecraft:raw_copper":5,"create:limestone":1,"minecraft:iron_leggings":1,"mmorpg:jewel/dex":2,"minecraft:cobbled_deepslate":282,"minecraft:bucket":1,"minecraft:spruce_planks":3,"mmorpg:material/fishing/0":1,"mmorpg:currency/chaos_orb":1,"mmorpg:gems/emerald/1":1,"mmorpg:gems/amethyst/0":1,"mmorpg:currency/socket_adder":1,"mmorpg:gems/emerald/0":1,"minecraft:stick":3,"minecraft:torch":1,"minecraft:golden_axe":1,"mmorpg:jewelry/necklace/iron":4,"cte_essentials:plate_0_leggings":1,"minecraft:golden_chestplate":2,"cte_essentials:cloth_0_boots":2,"minecraft:stone_sword":2,"minecraft:rotten_flesh":157,"create:ochrum":5,"mmorpg:runes/ita":1,"supplementaries:ash":4,"minecraft:obsidian":21,"minecraft:blaze_powder":1,"minecraft:cobblestone":152,"minecraft:birch_log":11,"minecraft:magma_block":1,"minecraft:feather":1,"minecraft:magma_cream":3,"aquaculture:tuna":1,"stalwart_dungeons:wooden_hammer":1,"cte_essentials:leather_5_helmet":3,"minecraft:andesite":40,"mmorpg:gems/azurite/0":4,"minecraft:potato":1,"minecraft:flint":4,"minecraft:tuff":13,"minecraft:lapis_lazuli":26,"minecraft:dirt":46,"cte_essentials:plate_1_boots":1,"mmorpg:currency/jewel_corrupt":1,"mmorpg:gems/garnet/1":1,"minecraft:bone":113,"farmersdelight:iron_knife":1,"mmorpg:gems/azurite/1":1,"minecraft:bow":8,"minecraft:wheat_seeds":100,"minecraft:raw_gold":33,"ftbquests:book":1,"minecraft:glowstone_dust":5,"minecraft:oak_planks":1,"mmorpg:skill_gems/support/str":1,"mmorpg:offhand/tome/wood":12,"mekanism:metallurgic_infuser":10,"cte_essentials:leather_0_boots":1,"minecraft:sand":161,"mmorpg:rare_mats/mining/medium":2,"mmorpg:jewelry/ring/gold":1,"minecraft:spectral_arrow":16,"cte_essentials:stone_block_0":5,"mmorpg:jewel/int":1,"mmorpg:gems/garnet/0":1,"mmorpg:rare_mats/mining/greater":2,"minecraft:diamond":48,"minecraft:deepslate":5,"minecraft:crossbow":1,"mmorpg:rare_mats/mining/lesser":7,"minecraft:bread":1,"minecraft:emerald":1,"iceandfire:troll_leather_forest":4,"minecraft:oak_sapling":2,"minecraft:netherrack":1,"iceandfire:silver_nugget":6,"mmorpg:stone/2":3,"minecraft:azure_bluet":1,"mmorpg:skill_gems/aura/str":3,"mmorpg:jewelry/ring/iron":5,"minecraft:shield":4,"minecraft:cornflower":2,"cte_essentials:cloth_0_leggings":1,"minecraft:wooden_sword":1,"minecraft:blackstone":1,"minecraft:beef":4,"cte_essentials:cloth_0_helmet":2,"minecraft:poppy":2,"mmorpg:stone/0":25,"mmorpg:offhand/tome/iron":3,"minecraft:birch_sapling":1,"globalxp:xp_block":2,"iceandfire:ice_dragon_heart":1,"mmorpg:skill_gems/support/dex":2,"minecraft:raw_iron":88,"iceandfire:dragonbone":10,"cte_essentials:cloth_0_chestplate":2,"mmorpg:currency/affix_tier_up_down":1,"minecraft:music_disc_11":1,"minecraft:trident":2,"mmorpg:skill_gems/support/int":8,"minecraft:redstone":132,"mmorpg:jewel/str":1,"iceandfire:dragon_skull_ice":1,"mekanism:crusher":3,"minecraft:arrow":76,"minecraft:beetroot_seeds":4,"mmorpg:currency/affix_common_reroll":1,"iceandfire:dragonscales_silver":17,"minecraft:hay_block":5,"cte_essentials:cloth_2_helmet":1,"minecraft:gold_ingot":2,"minecraft:mutton":11,"minecraft:white_wool":6,"minecraft:oxeye_daisy":1,"cte_essentials:cloth_2_leggings":1,"minecraft:glow_ink_sac":23,"cte_essentials:leather_4_helmet":1,"minecraft:leather":6,"doggytalents:rice_grains":21,"minecraft:oak_log":8,"mekanismgenerators:bio_generator":1,"minecraft:golden_boots":1,"minecraft:gunpowder":91,"minecraft:cobblestone_wall":1,"farmersdelight:flint_knife":3,"mekanism:enrichment_chamber":1,"minecraft:cooked_mutton":4,"chococraft:gysahl_green":60,"minecraft:iron_ingot":1,"mmorpg:rare_mats/farming/lesser":1,"lightmanscurrency:coin_iron":173,"minecraft:sweet_berries":13,"cte_essentials:plate_0_boots":6,"minecraft:dandelion":19,"minecraft:dripstone_block":13,"minecraft:gravel":10,"mmorpg:stat_soul":18,"minecraft:spruce_sapling":5,"minecraft:spruce_log":32,"mmorpg:weapon/staff/wood":4,"minecraft:spider_eye":6,"mekanism:raw_osmium":24,"mmorpg:weapon/staff/iron":5,"minecraft:spruce_door":1,"lightmanscurrency:coin_copper":429,"mmorpg:offhand/dodge/wood":1,"minecraft:purple_bed":2,"lightmanscurrency:wallet_gold":1,"mmorpg:stone/1":8,"minecraft:gray_wool":1,"iceandfire:ice_dragon_flesh":6,"minecraft:warped_roots":1,"minecraft:melon_seeds":4,"minecraft:coal":60,"minecraft:ender_pearl":2},"minecraft:used":{"minecraft:iron_shovel":163,"minecraft:chest":7,"doggytalents:rice_grains":4,"minecraft:skeleton_spawn_egg":1,"mekanism:basic_universal_cable":3,"minecraft:tuff":1,"minecraft:azure_bluet":1,"minecraft:obsidian":14,"minecraft:lava_bucket":3,"minecraft:magma_block":1,"minecraft:sweet_berries":16,"minecraft:oak_sapling":2,"minecraft:furnace":3,"minecraft:cooked_cod":3,"minecraft:potato":5,"minecraft:spruce_door":1,"minecraft:stone_pickaxe":45,"minecraft:oak_planks":19,"minecraft:blackstone":1,"minecraft:wooden_pickaxe":3,"minecraft:white_wool":1,"sophisticatedstorage:iron_to_gold_tier_upgrade":1,"mekanism:crusher":4,"minecraft:bread":40,"mekanism:metallurgic_infuser":11,"sophisticatedstorage:basic_to_iron_tier_upgrade":1,"minecraft:deepslate":1,"sophisticatedstorage:chest":1,"globalxp:xp_block":3,"minecraft:andesite":8,"chococraft:gysahl_green":28,"mekanism:enrichment_chamber":2,"minecraft:flint_and_steel":1,"minecraft:spruce_planks":71,"minecraft:torch":5,"gateways:gate_pearl":1,"minecraft:dirt":5,"minecraft:iron_hoe":121,"minecraft:birch_door":4,"minecraft:wooden_axe":6,"mekanismgenerators:heat_generator":3,"minecraft:iron_axe":70,"minecraft:cobbled_deepslate":170,"cte_essentials:plate_0_helmet":2,"minecraft:wheat_seeds":15,"minecraft:cooked_mutton":3,"minecraft:water_bucket":37,"mekanismgenerators:bio_generator":2,"cte_essentials:cloth_0_helmet":4,"minecraft:crafting_table":6,"minecraft:cornflower":1,"minecraft:diamond_pickaxe":394,"minecraft:iron_pickaxe":424,"mmorpg:weapon/staff/iron":290,"minecraft:spruce_sapling":3,"mmorpg:weapon/staff/wood":102,"minecraft:fishing_rod":2,"minecraft:cobblestone":12,"minecraft:purple_bed":1,"minecraft:bucket":45,"minecraft:dandelion":2},"minecraft:custom":{"minecraft:blood":0,"lootr:looted_stat":39,"minecraft:dexterity":7,"minecraft:interact_with_crafting_table":141,"minecraft:open_barrel":4,"goblintraders:trade_with_goblin":4,"minecraft:bell_ring":5,"minecraft:leave_game":6,"minecraft:time_since_death":58224,"minecraft:damage_resisted":0,"minecraft:sprint_one_cm":1313096,"minecraft:drop":109,"minecraft:health":473,"minecraft:play_time":588219,"minecraft:deaths":25,"minecraft:jump":9273,"minecraft:energy":223,"minecraft:walk_on_water_one_cm":31342,"minecraft:interact_with_furnace":73,"minecraft:intelligence":35,"minecraft:sleep_in_bed":2,"minecraft:levels_gained":17,"minecraft:waystone_activated":4,"minecraft:damage_dealt":15452,"minecraft:crouch_one_cm":21227,"minecraft:mob_kills":663,"minecraft:interact_with_campfire":4,"minecraft:damage_dealt_resisted":7,"minecraft:climb_one_cm":10889,"minecraft:mana":251,"minecraft:magic_shield":96,"minecraft:walk_one_cm":1280474,"gateways:gates_defeated":1,"minecraft:damage_dealt_absorbed":74,"minecraft:sneak_time":8240,"minecraft:walk_under_water_one_cm":12297,"minecraft:interact_with_blast_furnace":1,"minecraft:total_world_time":588219,"minecraft:move_speed":7,"minecraft:time_since_rest":58253,"minecraft:damage_taken":23648,"minecraft:damage_absorbed":20360,"minecraft:swim_one_cm":57505,"minecraft:fly_one_cm":1874180,"minecraft:open_chest":361,"minecraft:strength":8,"minecraft:fish_caught":1,"minecraft:fall_one_cm":343846},"minecraft:killed_by":{"minecraft:piglin_brute":1,"minecraft:creeper":3,"iceandfire:ice_dragon":1,"minecraft:zombie":7,"minecraft:spider":1,"monsterplus:glow_skeleton":2,"riskofrain_mobs:lemurian_entity":2,"minecraft:skeleton":1},"minecraft:crafted":{"minecraft:oak_planks":8,"globalxp:xp_block":2,"mekanism:ingot_osmium":17,"mekanismgenerators:heat_generator":2,"minecraft:iron_bars":1,"minecraft:glass":36,"minecraft:chest":7,"minecraft:birch_door":1,"mekanism:ingot_steel":10,"minecraft:emerald":1,"minecraft:crafting_table":6,"minecraft:spruce_planks":46,"minecraft:wooden_pickaxe":1,"minecraft:copper_ingot":5,"minecraft:birch_planks":11,"minecraft:diamond_pickaxe":1,"mekanism:steel_casing":2,"minecraft:stick":20,"mekanism:crusher":1,"minecraft:iron_ingot":36,"minecraft:iron_pickaxe":2,"minecraft:gold_ingot":12,"minecraft:redstone_torch":9,"mekanism:basic_universal_cable":8,"minecraft:furnace":7,"minecraft:flint_and_steel":1,"mekanismgenerators:bio_generator":1,"minecraft:iron_axe":1,"minecraft:iron_hoe":1,"minecraft:stone_pickaxe":1,"minecraft:wheat":5,"mekanism:metallurgic_infuser":1,"sophisticatedstorage:iron_to_gold_tier_upgrade":2,"sophisticatedstorage:basic_to_iron_tier_upgrade":4,"minecraft:bucket":5,"minecraft:bread":21,"minecraft:air":371,"sophisticatedstorage:chest":1,"mekanism:enrichment_chamber":1,"minecraft:iron_shovel":1,"minecraft:torch":2},"minecraft:broken":{"cte_essentials:cloth_0_boots":1,"cte_essentials:cloth_0_leggings":1,"cte_essentials:cloth_0_chestplate":2,"cte_essentials:cloth_1_helmet":1,"cte_essentials:cloth_0_helmet":2,"minecraft:iron_pickaxe":1},"minecraft:mined":{"minecraft:spruce_planks":3,"minecraft:obsidian":23,"minecraft:grass_block":8,"minecraft:oxeye_daisy":3,"minecraft:spawner":1,"minecraft:iron_ore":51,"minecraft:fire":4,"minecraft:cobbled_deepslate":20,"minecraft:deepslate_lapis_ore":3,"minecraft:azure_bluet":1,"create:limestone":1,"minecraft:deepslate_redstone_ore":29,"mekanism:osmium_ore":24,"minecraft:blackstone":1,"mekanism:enrichment_chamber":1,"mekanismgenerators:bio_generator":1,"minecraft:poppy":4,"minecraft:cobblestone":15,"minecraft:oak_planks":1,"minecraft:birch_log":11,"minecraft:birch_door":2,"minecraft:grass":267,"minecraft:oak_log":9,"minecraft:sand":163,"minecraft:dirt":2,"minecraft:netherrack":1,"minecraft:oak_leaves":18,"minecraft:deepslate":305,"minecraft:tuff":15,"minecraft:deepslate_diamond_ore":43,"mekanismgenerators:heat_generator":3,"create:ochrum":5,"minecraft:spruce_leaves":24,"minecraft:large_fern":5,"minecraft:hay_block":5,"minecraft:nether_sprouts":3,"minecraft:andesite":33,"minecraft:deepslate_iron_ore":38,"minecraft:stone":127,"mekanism:crusher":3,"minecraft:glass_pane":1,"minecraft:dandelion":18,"minecraft:cornflower":1,"minecraft:warped_roots":1,"minecraft:copper_ore":1,"minecraft:tall_grass":57,"minecraft:deepslate_gold_ore":25,"mekanism:metallurgic_infuser":10,"minecraft:purple_bed":2,"minecraft:sweet_berry_bush":2,"minecraft:spruce_log":33,"globalxp:xp_block":2,"minecraft:birch_leaves":13,"minecraft:coal_ore":52,"minecraft:dripstone_block":13,"minecraft:gravel":23,"mekanism:deepslate_uranium_ore":8,"minecraft:gold_ore":8,"minecraft:fern":7},"minecraft:dropped":{"chococraft:loverly_gysahl_green":2,"minecraft:diamond":10,"minecraft:dirt":23,"minecraft:cornflower":1,"minecraft:wooden_sword":1,"ftbquests:book":1,"minecraft:bone":6,"cte_essentials:plate_0_helmet":1,"cte_essentials:leather_4_helmet":1,"cte_essentials:plate_0_boots":3,"minecraft:golden_chestplate":2,"minecraft:cobbled_deepslate":82,"mmorpg:runes/ano":1,"minecraft:rotten_flesh":49,"minecraft:cooked_mutton":1,"supplementaries:ash":4,"minecraft:gunpowder":3,"minecraft:melon_seeds":4,"cte_essentials:cloth_0_helmet":1,"doggytalents:rice_grains":13,"globalxp:xp_block":1,"minecraft:arrow":1,"mmorpg:stat_soul":2,"minecraft:wheat_seeds":42,"minecraft:dripstone_block":13,"minecraft:golden_axe":1,"minecraft:feather":1,"minecraft:cobblestone":20,"mmorpg:skill_gems/aura/dex":2,"mmorpg:weapon/staff/wood":1,"minecraft:oxeye_daisy":1,"minecraft:stick":4,"sophisticatedstorage:basic_to_iron_tier_upgrade":2,"minecraft:wooden_axe":1,"minecraft:iron_leggings":1,"minecraft:dandelion":15,"minecraft:spruce_sapling":1,"cte_essentials:leather_5_helmet":1,"minecraft:sweet_berries":1,"create:ochrum":5,"minecraft:stone_sword":1,"minecraft:deepslate":1,"minecraft:tuff":12,"mmorpg:jewelry/necklace/iron":1,"minecraft:shield":1,"farmersdelight:flint_knife":3,"mmorpg:offhand/tome/wood":1,"mmorpg:offhand/tome/iron":3,"minecraft:andesite":8,"minecraft:purple_bed":1,"minecraft:spider_eye":1,"cte_essentials:cloth_0_boots":2,"cte_essentials:cloth_0_chestplate":1,"minecraft:stone_pickaxe":1,"mmorpg:jewelry/ring/iron":2,"lightmanscurrency:coin_iron":20,"minecraft:bow":3,"minecraft:wooden_pickaxe":1,"chococraft:gysahl_green":27},"minecraft:killed":{"minecraft:witch":2,"minecraft:spider":62,"monsterplus:crystal_zombie":34,"minecraft:skeleton":65,"monsterplus:glow_skeleton":49,"minecraft:bee":1,"minecraft:piglin_brute":8,"minecraft:piglin":12,"minecraft:pig":1,"minecraft:zombie_villager":5,"riskofrain_mobs:lemurian_entity":31,"minecraft:iron_golem":1,"mutantmonsters:mutant_skeleton":2,"minecraft:creeper":90,"minecraft:sheep":7,"minecraft:pillager":2,"minecraft:zombie":187,"monsterplus:opalescent_eye":12,"alexsmobs:fly":1,"minecraft:glow_squid":3,"mutantmonsters:mutant_creeper":1,"monsterplus:lava_squid":3,"minecraft:cow":2,"minecraft:blaze":1,"monsterplus:abyssologer":3,"minecraft:horse":2,"alexsmobs:blue_jay":1,"minecraft:drowned":2,"realmrpg_wyrms:red_wyrm":2,"minecraft:husk":11,"iceandfire:troll":1,"minecraft:bat":9,"alexsmobs:gelada_monkey":12,"monsterplus:spectral_skeleton":18,"iceandfire:ice_dragon":1,"mutantmonsters:mutant_zombie":1,"minecraft:villager":1,"minecraft:enderman":3}},"DataVersion":3465}