{"stats":{"minecraft:custom":{"minecraft:deaths":1,"minecraft:time_since_rest":2014,"minecraft:blood":0,"minecraft:magic_shield":0,"minecraft:crouch_one_cm":27,"minecraft:play_time":13238,"minecraft:sprint_one_cm":7434,"minecraft:damage_absorbed":496,"minecraft:damage_taken":294,"minecraft:walk_one_cm":9117,"minecraft:sneak_time":8,"minecraft:dexterity":0,"minecraft:jump":60,"minecraft:intelligence":0,"minecraft:energy":50,"minecraft:health":100,"minecraft:time_since_death":1992,"minecraft:move_speed":0,"minecraft:strength":0,"minecraft:total_world_time":13238,"minecraft:mana":50,"minecraft:fall_one_cm":1294,"minecraft:fly_one_cm":8388},"minecraft:picked_up":{"mmorpg:material/farming/0":1,"minecraft:wheat":9,"minecraft:sweet_berries":6,"minecraft:wheat_seeds":17,"mmorpg:rare_mats/farming/lesser":1},"minecraft:mined":{"minecraft:large_fern":1,"minecraft:grass":2},"minecraft:killed_by":{"minecraft:zombie":1},"minecraft:used":{"minecraft:sweet_berries":1}},"DataVersion":3465}