{"stats":{"minecraft:used":{"minecraft:iron_shovel":500,"minecraft:chest":16,"doggytalents:rice_grains":4,"mekanism:basic_logistical_transporter":42,"minecraft:rotten_flesh":8,"mekanism:digital_miner":6,"minecraft:skeleton_spawn_egg":1,"mekanism:precision_sawmill":1,"mekanism:nutritional_liquifier":2,"mekanism:basic_universal_cable":144,"minecraft:tuff":1,"minecraft:azure_bluet":1,"minecraft:obsidian":14,"minecraft:glass":1,"minecraft:lava_bucket":5,"minecraft:cyan_terracotta":2,"minecraft:quartz_block":82,"mekanismgenerators:wind_generator":95,"minecraft:magma_block":1,"minecraft:sweet_berries":16,"minecraft:furnace":3,"minecraft:oak_sapling":19,"minecraft:cooked_cod":4,"minecraft:potato":495,"minecraft:spruce_door":1,"minecraft:stone_pickaxe":45,"minecraft:oak_planks":28,"minecraft:blackstone":1,"minecraft:wooden_pickaxe":3,"minecraft:white_wool":1,"minecraft:deepslate_redstone_ore":1,"minecraft:gray_concrete":1,"sophisticatedstorage:iron_to_gold_tier_upgrade":3,"mekanism:crusher":7,"minecraft:bread":46,"mekanism:metallurgic_infuser":12,"mekanism:upgrade_speed":24,"sophisticatedstorage:basic_to_iron_tier_upgrade":3,"mekanism:basic_pressurized_tube":3,"minecraft:deepslate":1,"sophisticatedstorage:chest":1,"sophisticatedstorage:gold_to_diamond_tier_upgrade":2,"mekanismgenerators:advanced_solar_generator":19,"globalxp:xp_block":3,"minecraft:andesite":96,"chococraft:gysahl_green":28,"minecraft:experience_bottle":16,"minecraft:oak_trapdoor":3,"mekanism:enrichment_chamber":3,"minecraft:flint_and_steel":1,"mekanism:configurator":37,"minecraft:redstone":1,"mekanism:advanced_sawing_factory":1,"minecraft:spruce_planks":71,"minecraft:netherrack":15,"gateways:gate_pearl":1,"minecraft:torch":13,"minecraft:dirt":13,"mekanism:osmium_compressor":1,"minecraft:birch_door":5,"minecraft:iron_hoe":278,"minecraft:wooden_axe":6,"minecraft:sea_lantern":1,"minecraft:iron_axe":347,"mekanismgenerators:heat_generator":5,"mekanism:quantum_entangloporter":12,"minecraft:basalt":1,"mekanism:upgrade_energy":39,"minecraft:cobbled_deepslate":170,"cte_essentials:plate_0_helmet":2,"minecraft:wheat_seeds":152,"minecraft:cooked_mutton":3,"mekanism:upgrade_anchor":4,"minecraft:water_bucket":41,"mekanismgenerators:bio_generator":8,"minecraft:baked_potato":3,"minecraft:red_nether_bricks":1,"minecraft:cherry_planks":189,"cte_essentials:cloth_0_helmet":4,"minecraft:crafting_table":10,"minecraft:apple":8,"minecraft:cornflower":1,"minecraft:diamond_pickaxe":1207,"minecraft:diamond_shovel":185,"minecraft:iron_pickaxe":424,"mmorpg:weapon/staff/iron":319,"mekanism:energized_smelter":3,"minecraft:spruce_sapling":3,"mekanism:elite_energy_cube":3,"sophisticatedstorage:iron_chest":1,"mmorpg:weapon/staff/wood":102,"minecraft:pink_petals":5,"minecraft:fishing_rod":2,"minecraft:cobblestone":155,"minecraft:purple_bed":1,"minecraft:bucket":50,"minecraft:pumpkin_pie":1,"minecraft:dandelion":2},"minecraft:mined":{"minecraft:spruce_planks":3,"mekanism:energized_smelter":2,"minecraft:cherry_log":57,"minecraft:red_nether_bricks":1,"minecraft:obsidian":23,"minecraft:grass_block":159,"minecraft:oxeye_daisy":3,"minecraft:spawner":1,"minecraft:iron_ore":54,"minecraft:fire":4,"minecraft:cobbled_deepslate":20,"mekanism:digital_miner":5,"minecraft:pumpkin":13,"minecraft:deepslate_lapis_ore":3,"minecraft:azure_bluet":1,"mekanism:basic_logistical_transporter":19,"create:limestone":1,"minecraft:deepslate_redstone_ore":29,"mekanism:osmium_ore":40,"minecraft:quartz_block":13,"minecraft:blackstone":2,"minecraft:cyan_terracotta":2,"mekanism:enrichment_chamber":2,"iceandfire:dragon_ice_spikes":4,"sophisticatedstorage:diamond_chest":2,"mekanismgenerators:bio_generator":2,"minecraft:poppy":4,"minecraft:chest":2,"minecraft:nether_quartz_ore":4,"minecraft:glass":1,"mekanism:precision_sawmill":1,"minecraft:cobblestone":24,"minecraft:oak_planks":2,"minecraft:pink_petals":11,"minecraft:warped_nylium":1,"mekanismgenerators:advanced_solar_generator":6,"minecraft:birch_log":11,"minecraft:birch_door":2,"mekanism:nutritional_liquifier":1,"minecraft:grass":402,"minecraft:oak_log":76,"minecraft:sand":500,"minecraft:dirt":85,"mekanism:basic_universal_cable":21,"minecraft:netherrack":80,"minecraft:deepslate":305,"minecraft:oak_leaves":50,"minecraft:tuff":15,"iceandfire:silver_ore":2,"minecraft:dark_oak_leaves":5,"minecraft:deepslate_diamond_ore":43,"sophisticatedstorage:iron_chest":1,"minecraft:dark_oak_log":1,"mekanismgenerators:heat_generator":5,"create:ochrum":5,"minecraft:redstone_wire":1,"minecraft:spruce_leaves":24,"minecraft:large_fern":5,"minecraft:hay_block":5,"minecraft:oak_trapdoor":1,"minecraft:nether_sprouts":4,"minecraft:andesite":119,"minecraft:bookshelf":86,"minecraft:deepslate_iron_ore":38,"mekanism:basic_pressurized_tube":3,"minecraft:stone":561,"doggytalents:rice_crop":4,"mekanism:crusher":6,"minecraft:gray_concrete":1,"minecraft:glass_pane":1,"minecraft:cherry_planks":9,"minecraft:basalt":2,"minecraft:dandelion":19,"minecraft:crafting_table":2,"minecraft:cornflower":1,"mekanism:elite_energy_cube":3,"minecraft:warped_roots":1,"minecraft:copper_ore":2,"minecraft:tall_grass":63,"minecraft:lapis_ore":2,"minecraft:deepslate_gold_ore":25,"mekanism:metallurgic_infuser":11,"mekanism:quantum_entangloporter":8,"minecraft:spruce_stairs":1,"minecraft:purple_bed":2,"minecraft:sweet_berry_bush":2,"minecraft:ice":24,"globalxp:xp_block":2,"minecraft:spruce_log":33,"minecraft:birch_leaves":17,"minecraft:coal_ore":103,"minecraft:cherry_leaves":7,"minecraft:gravel":23,"minecraft:dripstone_block":13,"mekanism:deepslate_uranium_ore":8,"minecraft:gold_ore":8,"minecraft:fern":7},"minecraft:killed":{"minecraft:zombified_piglin":1,"minecraft:witch":2,"minecraft:spider":67,"monsterplus:crystal_zombie":42,"minecraft:skeleton":71,"monsterplus:glow_skeleton":55,"minecraft:bee":1,"alexsmobs:straddler":1,"minecraft:piglin_brute":8,"minecraft:magma_cube":29,"minecraft:piglin":12,"minecraft:pig":1,"minecraft:zombie_villager":5,"riskofrain_mobs:lemurian_entity":36,"minecraft:iron_golem":1,"alexsmobs:stradpole":1,"mutantmonsters:mutant_skeleton":2,"minecraft:creeper":101,"minecraft:sheep":7,"minecraft:pillager":2,"minecraft:zombie":203,"monsterplus:opalescent_eye":12,"alexsmobs:fly":1,"minecraft:glow_squid":3,"mutantmonsters:mutant_creeper":1,"monsterplus:lava_squid":9,"minecraft:blaze":1,"minecraft:cow":6,"monsterplus:abyssologer":3,"minecraft:horse":2,"alexsmobs:blue_jay":1,"minecraft:drowned":2,"realmrpg_wyrms:red_wyrm":3,"alexsmobs:rocky_roller":1,"minecraft:husk":11,"iceandfire:troll":1,"minecraft:bat":10,"alexsmobs:gelada_monkey":12,"monsterplus:spectral_skeleton":18,"iceandfire:ice_dragon":1,"riskofrain_mobs:stone_golem_entity":1,"goblintraders:vein_goblin_trader":1,"mutantmonsters:mutant_zombie":1,"minecraft:villager":1,"minecraft:enderman":8},"minecraft:dropped":{"chococraft:loverly_gysahl_green":2,"minecraft:glow_ink_sac":1,"minecraft:diamond":10,"minecraft:dark_oak_sapling":1,"minecraft:warped_roots":1,"minecraft:leather":9,"minecraft:dirt":125,"minecraft:cornflower":1,"minecraft:wooden_sword":1,"ftbquests:book":1,"minecraft:bone":7,"cte_essentials:plate_0_helmet":1,"cte_essentials:leather_4_helmet":1,"mmorpg:rare_mats/farming/lesser":7,"cte_essentials:plate_0_boots":3,"cte_essentials:cloth_2_leggings":1,"minecraft:golden_chestplate":2,"minecraft:cobbled_deepslate":82,"mmorpg:runes/ano":1,"mekanism:sawdust":2,"minecraft:birch_sapling":6,"minecraft:cherry_sapling":32,"minecraft:rotten_flesh":53,"minecraft:cooked_mutton":1,"doggytalents:rice_wheat":31,"mmorpg:material/farming/0":2,"supplementaries:ash":5,"minecraft:gunpowder":3,"minecraft:melon_seeds":4,"cte_essentials:cloth_0_helmet":1,"doggytalents:rice_grains":25,"globalxp:xp_block":1,"minecraft:arrow":2,"minecraft:beef":7,"mmorpg:rare_mats/farming/medium":7,"cte_essentials:cloth_3_chestplate":1,"minecraft:netherrack":10,"cte_essentials:plate_3_boots":1,"mmorpg:stat_soul":5,"mmorpg:jewel/dex":1,"minecraft:wheat_seeds":46,"minecraft:dripstone_block":13,"minecraft:poisonous_potato":1,"mekanism:dust_obsidian":8,"minecraft:golden_axe":1,"minecraft:feather":1,"minecraft:cobblestone":118,"minecraft:apple":2,"mmorpg:skill_gems/aura/dex":2,"minecraft:copper_ingot":1,"mmorpg:jewelry/ring/gold":1,"mmorpg:weapon/staff/wood":1,"minecraft:oxeye_daisy":1,"minecraft:coal":12,"minecraft:stick":22,"sophisticatedstorage:basic_to_iron_tier_upgrade":2,"minecraft:wooden_axe":1,"minecraft:iron_leggings":1,"mmorpg:rare_mats/farming/greater":1,"minecraft:paper":109,"minecraft:pink_petals":83,"minecraft:spruce_sapling":1,"minecraft:dandelion":16,"cte_essentials:leather_5_helmet":1,"minecraft:sweet_berries":1,"create:ochrum":5,"mmorpg:rare_mats/mining/lesser":4,"minecraft:stone_sword":1,"chococraft:chocobo_feather":4,"minecraft:deepslate":1,"minecraft:tuff":12,"mmorpg:jewelry/necklace/iron":1,"minecraft:potato":7,"farmersdelight:flint_knife":3,"minecraft:shield":1,"mmorpg:offhand/tome/iron":3,"mmorpg:offhand/tome/wood":1,"minecraft:andesite":26,"minecraft:purple_bed":1,"cte_essentials:cloth_0_boots":2,"minecraft:spider_eye":1,"minecraft:stone_pickaxe":1,"mmorpg:jewelry/ring/iron":2,"cte_essentials:cloth_0_chestplate":1,"minecraft:bow":3,"lightmanscurrency:coin_iron":20,"minecraft:wooden_pickaxe":1,"chococraft:gysahl_green":27},"minecraft:killed_by":{"minecraft:piglin_brute":1,"minecraft:creeper":4,"iceandfire:ice_dragon":1,"minecraft:zombie":7,"realmrpg_wyrms:red_wyrm":2,"minecraft:spider":1,"minecraft:enderman":1,"monsterplus:lava_squid":1,"monsterplus:glow_skeleton":2,"riskofrain_mobs:lemurian_entity":2,"minecraft:skeleton":1},"minecraft:crafted":{"minecraft:oak_planks":63,"mekanismgenerators:solar_generator":52,"mekanism:digital_miner":1,"globalxp:xp_block":2,"mekanism:configurator":1,"mekanism:ingot_osmium":19,"mekanism:atomic_disassembler":1,"mekanism:advanced_energy_cube":1,"mekanism:canteen":2,"mekanism:logistical_sorter":2,"minecraft:diamond_shovel":1,"mekanismgenerators:heat_generator":2,"minecraft:bookshelf":20,"sophisticatedstorage:gold_to_diamond_tier_upgrade":4,"minecraft:iron_bars":1,"minecraft:quartz_block":79,"minecraft:glass":36,"mekanism:elite_energy_cube":1,"mekanism:basic_sawing_factory":1,"minecraft:chest":16,"minecraft:birch_door":1,"mekanism:ingot_steel":14,"mekanism:elite_control_circuit":8,"mekanism:energy_tablet":273,"minecraft:emerald":1,"minecraft:diamond_axe":1,"minecraft:crafting_table":8,"minecraft:spruce_planks":46,"minecraft:baked_potato":10,"minecraft:wooden_pickaxe":1,"minecraft:copper_ingot":5,"minecraft:birch_planks":11,"mekanism:teleportation_core":6,"minecraft:paper":50,"minecraft:diamond_pickaxe":1,"mekanism:steel_casing":8,"minecraft:stick":28,"mekanism:crusher":1,"minecraft:iron_ingot":36,"minecraft:iron_pickaxe":2,"minecraft:gold_ingot":14,"mekanism:osmium_compressor":1,"minecraft:redstone_torch":22,"mekanism:quantum_entangloporter":4,"mekanism:basic_logistical_transporter":32,"mekanism:precision_sawmill":1,"minecraft:cherry_planks":56,"mekanism:nutritional_liquifier":1,"mekanism:basic_universal_cable":109,"mekanismgenerators:wind_generator":95,"minecraft:furnace":7,"mekanism:energized_smelter":1,"minecraft:piston":2,"mekanism:upgrade_anchor":4,"minecraft:glass_pane":35,"mekanism:basic_pressurized_tube":8,"minecraft:oak_trapdoor":2,"mekanism:robit":1,"minecraft:flint_and_steel":1,"mekanismgenerators:bio_generator":7,"minecraft:iron_axe":2,"minecraft:iron_hoe":1,"minecraft:stone_pickaxe":1,"mekanismgenerators:advanced_solar_generator":13,"mekanism:personal_chest":1,"mekanism:advanced_sawing_factory":1,"minecraft:dark_oak_planks":4,"minecraft:wheat":5,"mekanism:metallurgic_infuser":1,"sophisticatedstorage:iron_to_gold_tier_upgrade":6,"minecraft:bowl":1,"mekanism:ultimate_control_circuit":8,"sophisticatedstorage:basic_to_iron_tier_upgrade":8,"minecraft:bucket":5,"minecraft:air":2379,"minecraft:bread":32,"mekanism:upgrade_speed":49,"sophisticatedstorage:chest":1,"mekanism:basic_energy_cube":1,"mekanism:enrichment_chamber":1,"mekanism:upgrade_energy":51,"minecraft:iron_shovel":2,"mekanism:advanced_control_circuit":12,"minecraft:torch":3,"mekanismgenerators:solar_panel":156},"minecraft:custom":{"minecraft:blood":0,"lootr:looted_stat":46,"minecraft:dexterity":7,"minecraft:interact_with_crafting_table":690,"minecraft:open_barrel":4,"goblintraders:trade_with_goblin":4,"minecraft:bell_ring":5,"minecraft:leave_game":8,"minecraft:time_since_death":36668,"minecraft:damage_resisted":0,"minecraft:sprint_one_cm":1948965,"minecraft:drop":230,"minecraft:health":504,"minecraft:play_time":1329244,"minecraft:deaths":30,"minecraft:jump":14687,"minecraft:energy":276,"minecraft:walk_on_water_one_cm":31395,"minecraft:interact_with_furnace":94,"minecraft:intelligence":35,"minecraft:sleep_in_bed":54,"minecraft:levels_gained":18,"minecraft:waystone_activated":4,"minecraft:damage_dealt":16338,"minecraft:crouch_one_cm":50171,"minecraft:mob_kills":779,"minecraft:interact_with_campfire":4,"minecraft:damage_dealt_resisted":7,"minecraft:climb_one_cm":12336,"minecraft:mana":318,"minecraft:magic_shield":199,"minecraft:walk_one_cm":3075727,"gateways:gates_defeated":1,"minecraft:damage_dealt_absorbed":74,"minecraft:sneak_time":15789,"minecraft:walk_under_water_one_cm":12297,"minecraft:interact_with_blast_furnace":1,"minecraft:total_world_time":1329244,"minecraft:move_speed":0,"minecraft:time_since_rest":12720,"minecraft:damage_taken":29382,"minecraft:damage_absorbed":24542,"minecraft:swim_one_cm":57505,"minecraft:fly_one_cm":2869057,"minecraft:open_chest":1422,"minecraft:strength":10,"minecraft:fish_caught":1,"minecraft:fall_one_cm":525294},"minecraft:broken":{"cte_essentials:cloth_0_boots":1,"minecraft:iron_shovel":2,"cte_essentials:cloth_0_leggings":1,"cte_essentials:cloth_0_chestplate":2,"cte_essentials:cloth_1_helmet":1,"minecraft:iron_hoe":1,"cte_essentials:cloth_0_helmet":2,"minecraft:iron_pickaxe":1},"minecraft:picked_up":{"minecraft:wooden_axe":2,"minecraft:birch_door":2,"chococraft:loverly_gysahl_green":2,"minecraft:wheat":854,"mmorpg:material/farming/0":32,"minecraft:redstone_block":1,"illagerinvasion:platinum_chunk":1,"mekanism:nutritional_liquifier":1,"mekanism:raw_uranium":8,"cte_essentials:plate_0_helmet":1,"cte_essentials:cloth_1_helmet":1,"mmorpg:skill_gems/aura/dex":3,"minecraft:string":23,"mekanismgenerators:heat_generator":5,"minecraft:raw_copper":5,"create:limestone":1,"minecraft:red_nether_bricks":1,"minecraft:iron_leggings":1,"mmorpg:jewel/dex":3,"minecraft:cobbled_deepslate":282,"mekanism:basic_universal_cable":21,"minecraft:bucket":1,"minecraft:spruce_planks":3,"mmorpg:currency/chaos_orb":1,"mmorpg:material/fishing/0":1,"mmorpg:gems/emerald/1":1,"mmorpg:gems/amethyst/0":1,"mmorpg:currency/socket_adder":1,"mekanism:basic_logistical_transporter":19,"minecraft:stick":27,"mmorpg:gems/emerald/0":1,"minecraft:torch":2,"minecraft:golden_axe":1,"mekanism:quantum_entangloporter":8,"mmorpg:jewelry/necklace/iron":4,"minecraft:cherry_log":53,"cte_essentials:plate_0_leggings":1,"minecraft:golden_chestplate":2,"minecraft:quartz_block":13,"cte_essentials:cloth_0_boots":2,"minecraft:stone_sword":2,"minecraft:rotten_flesh":162,"create:ochrum":5,"minecraft:cyan_terracotta":2,"mmorpg:runes/ita":1,"supplementaries:ash":5,"mmorpg:rare_mats/farming/greater":3,"minecraft:obsidian":21,"minecraft:blaze_powder":3,"minecraft:cobblestone":615,"mekanismgenerators:advanced_solar_generator":6,"minecraft:birch_log":11,"minecraft:pink_petals":87,"minecraft:magma_block":2,"minecraft:feather":1,"minecraft:cherry_planks":9,"cte_essentials:leather_5_helmet":3,"minecraft:magma_cream":4,"stalwart_dungeons:wooden_hammer":1,"aquaculture:tuna":1,"minecraft:andesite":125,"mmorpg:gems/azurite/0":4,"minecraft:potato":667,"minecraft:flint":4,"minecraft:tuff":13,"minecraft:gray_concrete":1,"minecraft:lapis_lazuli":38,"minecraft:dirt":165,"cte_essentials:plate_1_boots":1,"mekanism:dust_obsidian":8,"mmorpg:currency/jewel_corrupt":1,"mmorpg:gems/garnet/1":1,"minecraft:bone":114,"farmersdelight:iron_knife":1,"mmorpg:gems/azurite/1":1,"minecraft:bow":8,"minecraft:wheat_seeds":1539,"minecraft:raw_gold":33,"ftbquests:book":1,"minecraft:glowstone_dust":5,"minecraft:oak_planks":2,"mmorpg:skill_gems/support/str":1,"mmorpg:offhand/tome/wood":12,"mekanism:metallurgic_infuser":11,"cte_essentials:leather_0_boots":1,"minecraft:poisonous_potato":2,"minecraft:sand":498,"mmorpg:rare_mats/mining/medium":4,"mmorpg:jewelry/ring/gold":1,"minecraft:spectral_arrow":16,"minecraft:dark_oak_log":1,"cte_essentials:stone_block_0":6,"mmorpg:jewel/int":1,"mmorpg:gems/garnet/0":1,"mekanism:digital_miner":5,"mmorpg:rare_mats/mining/greater":2,"minecraft:deepslate":5,"minecraft:diamond":48,"mmorpg:gems/ruby/0":1,"minecraft:crossbow":1,"mmorpg:rare_mats/mining/lesser":8,"minecraft:bread":1,"minecraft:emerald":1,"iceandfire:troll_leather_forest":4,"minecraft:oak_sapling":27,"minecraft:netherrack":104,"iceandfire:silver_nugget":6,"iceandfire:raw_silver":2,"minecraft:crafting_table":2,"mmorpg:stone/2":3,"minecraft:azure_bluet":1,"mmorpg:skill_gems/aura/str":3,"mmorpg:jewelry/ring/iron":5,"doggytalents:rice_wheat":31,"minecraft:shield":4,"minecraft:cornflower":2,"cte_essentials:cloth_0_leggings":1,"minecraft:oak_trapdoor":1,"minecraft:wooden_sword":1,"mekanism:energized_smelter":2,"minecraft:blackstone":5,"minecraft:beef":18,"minecraft:dark_oak_sapling":1,"cte_essentials:cloth_0_helmet":2,"sophisticatedstorage:iron_chest":1,"mmorpg:stone/0":25,"minecraft:poppy":2,"mmorpg:offhand/tome/iron":3,"minecraft:chest":2,"minecraft:birch_sapling":7,"globalxp:xp_block":2,"iceandfire:ice_dragon_heart":1,"mmorpg:skill_gems/support/dex":2,"minecraft:raw_iron":90,"mekanism:basic_pressurized_tube":3,"iceandfire:dragonbone":10,"cte_essentials:cloth_0_chestplate":2,"minecraft:copper_ingot":1,"mmorpg:currency/affix_tier_up_down":1,"minecraft:music_disc_11":1,"minecraft:trident":2,"mmorpg:skill_gems/support/int":9,"minecraft:redstone":133,"mmorpg:jewel/str":1,"iceandfire:dragon_skull_ice":1,"mekanism:crusher":6,"mekanism:precision_sawmill":1,"minecraft:arrow":77,"minecraft:beetroot_seeds":4,"mmorpg:currency/affix_common_reroll":1,"iceandfire:dragonscales_silver":17,"minecraft:hay_block":5,"cte_essentials:cloth_2_helmet":1,"minecraft:gold_ingot":2,"mekanism:sawdust":1,"minecraft:mutton":11,"minecraft:white_wool":6,"minecraft:oxeye_daisy":1,"cte_essentials:cloth_2_leggings":1,"minecraft:basalt":1,"minecraft:glow_ink_sac":25,"cte_essentials:leather_4_helmet":1,"minecraft:leather":12,"doggytalents:rice_grains":33,"minecraft:oak_log":75,"mekanismgenerators:bio_generator":2,"minecraft:golden_boots":1,"minecraft:cobblestone_wall":1,"minecraft:gunpowder":91,"farmersdelight:flint_knife":3,"minecraft:paper":109,"mekanism:enrichment_chamber":2,"minecraft:cooked_mutton":4,"chococraft:chocobo_feather":4,"chococraft:gysahl_green":60,"minecraft:apple":2,"mmorpg:rare_mats/farming/medium":18,"minecraft:iron_ingot":1,"mmorpg:rare_mats/farming/lesser":78,"lightmanscurrency:coin_iron":183,"minecraft:book":253,"cte_essentials:plate_3_boots":2,"minecraft:pumpkin":13,"minecraft:sweet_berries":13,"cte_essentials:plate_0_boots":6,"minecraft:quartz":4,"minecraft:dandelion":20,"minecraft:dripstone_block":13,"minecraft:gravel":10,"mmorpg:stat_soul":20,"minecraft:spruce_sapling":5,"mmorpg:weapon/staff/wood":4,"minecraft:spruce_log":32,"minecraft:spruce_door":1,"mmorpg:weapon/staff/iron":5,"mekanism:raw_osmium":39,"minecraft:spider_eye":6,"mmorpg:offhand/dodge/wood":1,"lightmanscurrency:coin_copper":499,"minecraft:purple_bed":2,"lightmanscurrency:wallet_gold":1,"minecraft:diamond_axe":3,"mekanism:elite_energy_cube":3,"minecraft:cherry_sapling":32,"mmorpg:stone/1":8,"minecraft:gray_wool":1,"minecraft:warped_roots":4,"iceandfire:ice_dragon_flesh":6,"sophisticatedstorage:diamond_chest":2,"minecraft:melon_seeds":4,"minecraft:coal":123,"minecraft:ender_pearl":2}},"DataVersion":3465}