{"stats":{"minecraft:custom":{"minecraft:time_since_rest":57893,"minecraft:blood":0,"minecraft:magic_shield":0,"minecraft:sprint_one_cm":34739,"minecraft:walk_one_cm":44956,"minecraft:damage_taken":911,"minecraft:damage_absorbed":4884,"minecraft:mob_kills":1,"minecraft:dexterity":0,"minecraft:intelligence":0,"minecraft:damage_dealt":1499,"minecraft:health":100,"minecraft:move_speed":0,"minecraft:fly_one_cm":51706,"minecraft:crouch_one_cm":44,"minecraft:play_time":57893,"minecraft:sneak_time":73,"minecraft:jump":394,"minecraft:energy":50,"minecraft:leave_game":3,"minecraft:time_since_death":57893,"minecraft:strength":0,"minecraft:total_world_time":57893,"minecraft:fall_one_cm":8440,"minecraft:mana":50},"minecraft:killed":{"mutantmonsters:mutant_skeleton":1},"minecraft:mined":{"minecraft:acacia_leaves":8,"minecraft:grass":12,"minecraft:acacia_log":1,"minecraft:grass_block":6,"minecraft:oak_log":8,"minecraft:dirt":19,"minecraft:oak_leaves":14},"minecraft:picked_up":{"minecraft:acacia_log":1,"doggytalents:rice_grains":8,"mmorpg:stat_soul":1,"minecraft:oak_log":8,"mutantmonsters:mutant_skeleton_limb":7,"minecraft:dirt":43,"mutantmonsters:mutant_skeleton_pelvis":1,"minecraft:rotten_flesh":2,"minecraft:apple":1,"minecraft:wheat_seeds":2,"mutantmonsters:mutant_skeleton_rib":4,"minecraft:oak_sapling":3,"mutantmonsters:mutant_skeleton_shoulder_pad":1},"minecraft:used":{"minecraft:apple":1,"minecraft:rotten_flesh":2,"minecraft:dirt":36}},"DataVersion":3465}