{"stats":{"minecraft:crafted":{"minecraft:emerald":1,"minecraft:spruce_planks":5,"minecraft:bread":3,"minecraft:air":34,"minecraft:chest":2},"minecraft:custom":{"minecraft:blood":0,"lootr:looted_stat":7,"minecraft:mob_kills":210,"minecraft:dexterity":5,"minecraft:intelligence":20,"minecraft:move_speed":7,"minecraft:interact_with_crafting_table":8,"minecraft:interact_with_campfire":4,"minecraft:bell_ring":5,"minecraft:damage_dealt_resisted":0,"minecraft:leave_game":1,"minecraft:time_since_death":10664,"minecraft:sleep_in_bed":1,"minecraft:damage_resisted":0,"minecraft:climb_one_cm":5567,"minecraft:levels_gained":10,"minecraft:mana":140,"minecraft:time_since_rest":10699,"minecraft:magic_shield":59,"minecraft:waystone_activated":1,"minecraft:sprint_one_cm":306805,"minecraft:damage_absorbed":5834,"minecraft:damage_taken":4063,"minecraft:walk_one_cm":215502,"gateways:gates_defeated":1,"minecraft:drop":27,"minecraft:damage_dealt":6188,"minecraft:health":299,"minecraft:damage_dealt_absorbed":74,"minecraft:fly_one_cm":375560,"minecraft:open_chest":29,"minecraft:crouch_one_cm":212,"minecraft:play_time":144552,"minecraft:deaths":6,"minecraft:sneak_time":39,"minecraft:jump":1643,"minecraft:energy":140,"minecraft:interact_with_blast_furnace":1,"minecraft:strength":6,"minecraft:total_world_time":144552,"minecraft:fall_one_cm":50787},"minecraft:dropped":{"minecraft:sweet_berries":1,"minecraft:wheat_seeds":38,"mmorpg:runes/ano":1,"minecraft:cobblestone":18,"minecraft:feather":1,"minecraft:rotten_flesh":23,"minecraft:cooked_mutton":1,"mmorpg:weapon/staff/wood":1,"minecraft:dirt":11,"supplementaries:ash":4,"minecraft:gunpowder":1,"mmorpg:offhand/tome/wood":1,"mmorpg:offhand/tome/iron":2,"cte_essentials:cloth_0_helmet":1,"minecraft:melon_seeds":4,"minecraft:iron_leggings":1,"minecraft:wooden_sword":1,"cte_essentials:cloth_0_chestplate":1,"lightmanscurrency:coin_iron":20,"minecraft:arrow":1,"minecraft:bow":1,"cte_essentials:plate_0_helmet":1},"minecraft:picked_up":{"minecraft:wooden_axe":1,"mmorpg:stone/2":3,"minecraft:wheat":12,"mmorpg:material/farming/0":1,"minecraft:feather":1,"minecraft:andesite":8,"minecraft:leather":6,"mmorpg:gems/azurite/0":2,"doggytalents:rice_grains":4,"minecraft:cobblestone_wall":1,"minecraft:gunpowder":43,"cte_essentials:plate_0_helmet":1,"cte_essentials:plate_1_boots":1,"cte_essentials:cloth_1_helmet":1,"minecraft:string":10,"minecraft:dirt":28,"minecraft:wooden_sword":1,"minecraft:iron_leggings":1,"minecraft:cooked_mutton":4,"minecraft:bone":41,"minecraft:bow":2,"minecraft:wheat_seeds":63,"minecraft:bucket":1,"minecraft:iron_ingot":1,"minecraft:beef":4,"mmorpg:rare_mats/farming/lesser":1,"cte_essentials:cloth_0_helmet":2,"mmorpg:stone/0":25,"lightmanscurrency:coin_iron":101,"mmorpg:gems/amethyst/0":1,"mmorpg:offhand/tome/iron":3,"mmorpg:currency/socket_adder":1,"mmorpg:skill_gems/support/str":1,"mmorpg:offhand/tome/wood":11,"minecraft:stick":2,"cte_essentials:cloth_0_chestplate":2,"minecraft:sweet_berries":9,"minecraft:torch":1,"mmorpg:stat_soul":4,"mmorpg:currency/affix_tier_up_down":1,"mmorpg:jewelry/necklace/iron":2,"mmorpg:weapon/staff/wood":3,"mmorpg:jewel/str":1,"mmorpg:weapon/staff/iron":5,"minecraft:spider_eye":3,"minecraft:spruce_door":1,"lightmanscurrency:coin_copper":240,"mmorpg:gems/garnet/0":1,"minecraft:arrow":15,"minecraft:rotten_flesh":103,"minecraft:beetroot_seeds":4,"lightmanscurrency:wallet_gold":1,"mmorpg:runes/ita":1,"mmorpg:stone/1":8,"minecraft:gray_wool":1,"minecraft:bread":1,"minecraft:gold_ingot":2,"supplementaries:ash":4,"minecraft:melon_seeds":4,"minecraft:coal":8,"minecraft:mutton":9,"minecraft:white_wool":5,"minecraft:cobblestone":18},"minecraft:mined":{"minecraft:large_fern":1,"minecraft:grass":26,"minecraft:fern":3},"minecraft:killed":{"minecraft:husk":11,"minecraft:witch":2,"minecraft:zombie_villager":4,"riskofrain_mobs:lemurian_entity":1,"minecraft:spider":29,"minecraft:iron_golem":1,"minecraft:creeper":21,"minecraft:sheep":7,"minecraft:horse":2,"minecraft:skeleton":25,"alexsmobs:blue_jay":1,"minecraft:zombie":98,"minecraft:drowned":1,"mutantmonsters:mutant_creeper":1,"minecraft:villager":1,"minecraft:cow":2},"minecraft:killed_by":{"minecraft:zombie":6},"minecraft:used":{"minecraft:cooked_mutton":3,"minecraft:spruce_door":1,"minecraft:chest":2,"cte_essentials:cloth_0_helmet":3,"minecraft:white_wool":1,"gateways:gate_pearl":1,"minecraft:skeleton_spawn_egg":1,"minecraft:bread":8,"mmorpg:weapon/staff/iron":2,"mmorpg:weapon/staff/wood":102,"minecraft:sweet_berries":14,"minecraft:andesite":7,"cte_essentials:plate_0_helmet":2},"minecraft:broken":{"cte_essentials:cloth_0_boots":1,"cte_essentials:cloth_0_leggings":1,"cte_essentials:cloth_0_helmet":1,"cte_essentials:cloth_0_chestplate":1}},"DataVersion":3465}