{"stats":{"minecraft:custom":{"minecraft:interact_with_smithing_table":2,"minecraft:blood":0,"lootr:looted_stat":14,"minecraft:interact_with_furnace":4,"minecraft:mob_kills":39,"minecraft:dexterity":5,"minecraft:intelligence":11,"minecraft:move_speed":0,"minecraft:interact_with_crafting_table":10,"minecraft:damage_dealt_resisted":0,"minecraft:leave_game":3,"minecraft:time_since_death":13687,"minecraft:levels_gained":7,"minecraft:mana":128,"minecraft:time_since_rest":13750,"minecraft:magic_shield":34,"minecraft:sprint_one_cm":203836,"minecraft:walk_one_cm":256923,"minecraft:damage_taken":3703,"minecraft:damage_absorbed":9576,"minecraft:drop":27,"minecraft:damage_dealt":12607,"minecraft:health":270,"minecraft:swim_one_cm":7317,"minecraft:talked_to_villager":2,"minecraft:fly_one_cm":210806,"minecraft:crouch_one_cm":743,"minecraft:play_time":172862,"minecraft:deaths":4,"minecraft:sneak_time":261,"minecraft:walk_under_water_one_cm":2370,"minecraft:jump":1290,"minecraft:energy":110,"minecraft:walk_on_water_one_cm":1870,"minecraft:strength":10,"minecraft:total_world_time":172862,"minecraft:fall_one_cm":28519},"minecraft:killed":{"minecraft:spider":5,"mutantmonsters:mutant_skeleton":2,"minecraft:skeleton":6,"minecraft:zombie":15,"alexsmobs:elephant":2,"alexsmobs:kangaroo":3,"minecraft:cow":1},"minecraft:killed_by":{"riskofrain_mobs:lemurian_entity":1,"minecraft:creeper":1,"minecraft:zombie":2},"minecraft:mined":{"minecraft:acacia_leaves":13,"minecraft:acacia_log":13,"minecraft:grass_block":13,"minecraft:tall_grass":2,"minecraft:oak_planks":8,"minecraft:grass":74,"minecraft:oak_log":8,"minecraft:coal_ore":3,"minecraft:dirt":72,"minecraft:stone":16,"minecraft:oak_leaves":14},"minecraft:dropped":{"minecraft:bread":2,"mmorpg:offhand/dodge/wood":1,"minecraft:wheat_seeds":13,"cte_essentials:plate_0_boots":1,"minecraft:rotten_flesh":7,"minecraft:cobblestone":6,"mutantmonsters:mutant_skeleton_shoulder_pad":4,"alexsmobs:kangaroo_hide":4,"supplementaries:ash":1,"minecraft:dirt":56,"minecraft:shield":1,"minecraft:trident":2,"mutantmonsters:mutant_skeleton_limb":7,"minecraft:oak_sapling":3,"minecraft:acacia_sapling":1,"minecraft:wooden_sword":1,"minecraft:arrow":64,"minecraft:bow":2},"minecraft:crafted":{"minecraft:cooked_beef":2,"minecraft:oak_planks":8,"minecraft:crafting_table":2,"minecraft:wooden_pickaxe":1,"minecraft:furnace":1,"minecraft:air":44,"minecraft:stick":4,"minecraft:stone_sword":1,"minecraft:acacia_planks":2},"minecraft:picked_up":{"minecraft:wooden_axe":1,"minecraft:coarse_dirt":1,"doggytalents:rice_grains":15,"minecraft:oak_log":8,"minecraft:shield":1,"cte_essentials:cloth_0_leggings":1,"mutantmonsters:mutant_skeleton_limb":14,"minecraft:dirt":104,"minecraft:string":5,"mutantmonsters:mutant_skeleton_skull":1,"minecraft:wooden_sword":1,"minecraft:bone":6,"minecraft:apple":1,"minecraft:bow":1,"minecraft:wheat_seeds":13,"mmorpg:gems/tourmaline/0":1,"minecraft:beef":2,"cte_essentials:cloth_0_helmet":3,"lightmanscurrency:coin_iron":29,"minecraft:oak_planks":8,"minecraft:acacia_sapling":1,"minecraft:egg":1,"mmorpg:skill_gems/support/dex":1,"cte_essentials:cloth_0_chestplate":1,"cte_essentials:plate_0_boots":1,"minecraft:acacia_log":13,"mmorpg:stat_soul":3,"mmorpg:weapon/staff/wood":1,"minecraft:trident":3,"mmorpg:skill_gems/support/int":1,"mutantmonsters:mutant_skeleton_pelvis":2,"cte_essentials:cloth_0_boots":1,"mmorpg:offhand/dodge/wood":1,"lightmanscurrency:coin_copper":49,"alexsmobs:kangaroo_hide":4,"minecraft:stone_sword":1,"minecraft:arrow":38,"minecraft:rotten_flesh":9,"mmorpg:gems/ruby/0":1,"minecraft:crossbow":1,"mmorpg:rare_mats/mining/lesser":1,"mutantmonsters:mutant_skeleton_rib":9,"supplementaries:ash":2,"minecraft:oak_sapling":3,"mutantmonsters:mutant_skeleton_shoulder_pad":4,"minecraft:coal":3,"alexsmobs:kangaroo_meat":1,"minecraft:cobblestone":16},"minecraft:broken":{"cte_essentials:plate_0_boots":1},"minecraft:used":{"minecraft:trident":120,"cte_essentials:cloth_0_leggings":1,"minecraft:stone_sword":57,"minecraft:oak_planks":22,"minecraft:wooden_pickaxe":19,"minecraft:iron_sword":1,"minecraft:rotten_flesh":2,"minecraft:dirt":48,"minecraft:crafting_table":2,"minecraft:wooden_axe":2,"minecraft:apple":1,"cte_essentials:cloth_1_leggings":1,"mmorpg:weapon/staff/diamond":7,"minecraft:furnace":1,"minecraft:egg":1,"minecraft:cooked_beef":2,"minecraft:coarse_dirt":1}},"DataVersion":3465}