{"stats":{"minecraft:killed_by":{"minecraft:piglin_brute":1,"minecraft:creeper":3,"iceandfire:ice_dragon":1,"minecraft:zombie":7,"minecraft:spider":1,"monsterplus:glow_skeleton":2,"minecraft:skeleton":1},"minecraft:picked_up":{"minecraft:wooden_axe":2,"chococraft:loverly_gysahl_green":2,"minecraft:wheat":12,"mmorpg:material/farming/0":1,"illagerinvasion:platinum_chunk":1,"mekanism:raw_uranium":8,"cte_essentials:plate_0_helmet":1,"mmorpg:skill_gems/aura/dex":2,"cte_essentials:cloth_1_helmet":1,"minecraft:string":21,"create:limestone":1,"minecraft:iron_leggings":1,"mmorpg:jewel/dex":2,"minecraft:cobbled_deepslate":270,"minecraft:bucket":1,"minecraft:spruce_planks":3,"mmorpg:material/fishing/0":1,"mmorpg:currency/chaos_orb":1,"mmorpg:gems/emerald/1":1,"mmorpg:gems/amethyst/0":1,"mmorpg:currency/socket_adder":1,"minecraft:stick":2,"mmorpg:gems/emerald/0":1,"minecraft:torch":1,"mmorpg:jewelry/necklace/iron":2,"cte_essentials:plate_0_leggings":1,"minecraft:golden_chestplate":1,"cte_essentials:cloth_0_boots":2,"minecraft:stone_sword":2,"minecraft:rotten_flesh":146,"create:ochrum":5,"mmorpg:runes/ita":1,"supplementaries:ash":4,"minecraft:obsidian":21,"minecraft:blaze_powder":1,"minecraft:cobblestone":63,"minecraft:birch_log":10,"minecraft:magma_block":1,"minecraft:feather":1,"minecraft:magma_cream":2,"aquaculture:tuna":1,"stalwart_dungeons:wooden_hammer":1,"cte_essentials:leather_5_helmet":3,"minecraft:andesite":22,"mmorpg:gems/azurite/0":4,"minecraft:flint":4,"minecraft:tuff":13,"minecraft:lapis_lazuli":26,"cte_essentials:plate_1_boots":1,"minecraft:dirt":41,"mmorpg:currency/jewel_corrupt":1,"minecraft:bone":107,"farmersdelight:iron_knife":1,"minecraft:bow":5,"minecraft:wheat_seeds":66,"minecraft:raw_gold":33,"ftbquests:book":1,"minecraft:glowstone_dust":2,"minecraft:oak_planks":1,"mmorpg:skill_gems/support/str":1,"mmorpg:offhand/tome/wood":12,"cte_essentials:leather_0_boots":1,"mmorpg:rare_mats/mining/medium":2,"mmorpg:jewelry/ring/gold":1,"minecraft:spectral_arrow":16,"cte_essentials:stone_block_0":1,"mmorpg:jewel/int":1,"mmorpg:gems/garnet/0":1,"mmorpg:rare_mats/mining/greater":2,"minecraft:diamond":39,"minecraft:deepslate":5,"minecraft:crossbow":1,"mmorpg:rare_mats/mining/lesser":4,"minecraft:bread":1,"minecraft:emerald":1,"iceandfire:troll_leather_forest":4,"minecraft:oak_sapling":2,"minecraft:netherrack":1,"iceandfire:silver_nugget":6,"mmorpg:stone/2":3,"minecraft:azure_bluet":1,"mmorpg:skill_gems/aura/str":3,"mmorpg:jewelry/ring/iron":4,"minecraft:shield":4,"cte_essentials:cloth_0_leggings":1,"minecraft:wooden_sword":1,"minecraft:blackstone":1,"minecraft:beef":4,"cte_essentials:cloth_0_helmet":2,"mmorpg:stone/0":25,"mmorpg:offhand/tome/iron":3,"minecraft:birch_sapling":1,"globalxp:xp_block":2,"iceandfire:ice_dragon_heart":1,"mmorpg:skill_gems/support/dex":2,"minecraft:raw_iron":84,"iceandfire:dragonbone":10,"cte_essentials:cloth_0_chestplate":2,"mmorpg:currency/affix_tier_up_down":1,"minecraft:music_disc_11":1,"minecraft:trident":2,"mmorpg:skill_gems/support/int":7,"minecraft:redstone":132,"mmorpg:jewel/str":1,"iceandfire:dragon_skull_ice":1,"minecraft:arrow":74,"minecraft:beetroot_seeds":4,"mmorpg:currency/affix_common_reroll":1,"iceandfire:dragonscales_silver":17,"minecraft:hay_block":5,"cte_essentials:cloth_2_helmet":1,"minecraft:gold_ingot":2,"minecraft:mutton":11,"minecraft:white_wool":6,"cte_essentials:cloth_2_leggings":1,"minecraft:glow_ink_sac":21,"cte_essentials:leather_4_helmet":1,"minecraft:leather":6,"doggytalents:rice_grains":5,"minecraft:oak_log":7,"minecraft:golden_boots":1,"minecraft:cobblestone_wall":1,"minecraft:gunpowder":89,"farmersdelight:flint_knife":3,"minecraft:cooked_mutton":4,"chococraft:gysahl_green":60,"minecraft:iron_ingot":1,"mmorpg:rare_mats/farming/lesser":1,"lightmanscurrency:coin_iron":156,"minecraft:sweet_berries":13,"cte_essentials:plate_0_boots":6,"minecraft:dandelion":2,"minecraft:dripstone_block":13,"minecraft:gravel":10,"mmorpg:stat_soul":15,"minecraft:spruce_sapling":5,"minecraft:spruce_log":32,"mmorpg:weapon/staff/wood":4,"minecraft:spruce_door":1,"mekanism:raw_osmium":24,"mmorpg:weapon/staff/iron":5,"minecraft:spider_eye":5,"lightmanscurrency:coin_copper":407,"mmorpg:offhand/dodge/wood":1,"minecraft:purple_bed":2,"lightmanscurrency:wallet_gold":1,"mmorpg:stone/1":8,"minecraft:gray_wool":1,"minecraft:warped_roots":1,"iceandfire:ice_dragon_flesh":6,"minecraft:melon_seeds":4,"minecraft:coal":27,"minecraft:ender_pearl":2},"minecraft:broken":{"cte_essentials:cloth_0_boots":1,"cte_essentials:cloth_0_leggings":1,"cte_essentials:cloth_0_chestplate":2,"cte_essentials:cloth_1_helmet":1,"cte_essentials:cloth_0_helmet":2,"minecraft:iron_pickaxe":1},"minecraft:mined":{"minecraft:spruce_planks":3,"minecraft:obsidian":23,"minecraft:grass_block":1,"minecraft:spawner":1,"minecraft:iron_ore":47,"minecraft:fire":4,"minecraft:cobbled_deepslate":8,"minecraft:deepslate_lapis_ore":3,"create:limestone":1,"minecraft:deepslate_redstone_ore":29,"mekanism:osmium_ore":24,"minecraft:blackstone":1,"minecraft:cobblestone":14,"minecraft:oak_planks":1,"minecraft:birch_log":10,"minecraft:grass":32,"minecraft:oak_log":8,"minecraft:dirt":1,"minecraft:netherrack":1,"minecraft:oak_leaves":18,"minecraft:deepslate":303,"minecraft:tuff":15,"minecraft:deepslate_diamond_ore":34,"create:ochrum":5,"minecraft:spruce_leaves":24,"minecraft:large_fern":2,"minecraft:hay_block":5,"minecraft:nether_sprouts":1,"minecraft:andesite":15,"minecraft:deepslate_iron_ore":38,"minecraft:stone":39,"minecraft:glass_pane":1,"minecraft:warped_roots":1,"minecraft:tall_grass":3,"minecraft:deepslate_gold_ore":25,"minecraft:purple_bed":2,"minecraft:sweet_berry_bush":2,"minecraft:spruce_log":33,"globalxp:xp_block":2,"minecraft:birch_leaves":13,"minecraft:coal_ore":19,"minecraft:dripstone_block":13,"minecraft:gravel":14,"mekanism:deepslate_uranium_ore":8,"minecraft:gold_ore":8,"minecraft:fern":3},"minecraft:killed":{"minecraft:witch":2,"minecraft:spider":58,"monsterplus:crystal_zombie":29,"minecraft:skeleton":62,"monsterplus:glow_skeleton":45,"minecraft:piglin_brute":6,"minecraft:piglin":11,"minecraft:pig":1,"minecraft:zombie_villager":5,"riskofrain_mobs:lemurian_entity":14,"minecraft:iron_golem":1,"mutantmonsters:mutant_skeleton":2,"minecraft:creeper":85,"minecraft:sheep":7,"minecraft:pillager":2,"minecraft:zombie":167,"monsterplus:opalescent_eye":10,"minecraft:glow_squid":3,"mutantmonsters:mutant_creeper":1,"monsterplus:lava_squid":3,"minecraft:blaze":1,"minecraft:cow":2,"monsterplus:abyssologer":3,"minecraft:horse":2,"alexsmobs:blue_jay":1,"minecraft:drowned":2,"realmrpg_wyrms:red_wyrm":2,"minecraft:husk":11,"iceandfire:troll":1,"minecraft:bat":9,"alexsmobs:gelada_monkey":12,"monsterplus:spectral_skeleton":16,"iceandfire:ice_dragon":1,"mutantmonsters:mutant_zombie":1,"minecraft:villager":1,"minecraft:enderman":2},"minecraft:crafted":{"minecraft:oak_planks":7,"globalxp:xp_block":2,"minecraft:iron_bars":1,"minecraft:chest":7,"minecraft:emerald":1,"minecraft:crafting_table":4,"minecraft:spruce_planks":46,"minecraft:wooden_pickaxe":1,"minecraft:birch_planks":10,"minecraft:diamond_pickaxe":1,"minecraft:stick":15,"minecraft:iron_ingot":15,"minecraft:iron_pickaxe":2,"minecraft:gold_ingot":12,"minecraft:redstone_torch":9,"minecraft:furnace":2,"minecraft:flint_and_steel":1,"minecraft:iron_axe":1,"minecraft:stone_pickaxe":1,"minecraft:wheat":5,"sophisticatedstorage:basic_to_iron_tier_upgrade":4,"minecraft:bucket":1,"minecraft:bread":21,"minecraft:air":338,"sophisticatedstorage:chest":1},"minecraft:used":{"minecraft:chest":7,"minecraft:skeleton_spawn_egg":1,"minecraft:tuff":1,"minecraft:azure_bluet":1,"minecraft:obsidian":14,"minecraft:magma_block":1,"minecraft:sweet_berries":16,"minecraft:furnace":2,"minecraft:oak_sapling":2,"minecraft:spruce_door":1,"minecraft:stone_pickaxe":45,"minecraft:oak_planks":19,"minecraft:blackstone":1,"minecraft:wooden_pickaxe":3,"minecraft:white_wool":1,"minecraft:bread":33,"sophisticatedstorage:basic_to_iron_tier_upgrade":1,"minecraft:deepslate":1,"sophisticatedstorage:chest":1,"globalxp:xp_block":3,"minecraft:andesite":7,"chococraft:gysahl_green":28,"minecraft:flint_and_steel":1,"minecraft:spruce_planks":71,"gateways:gate_pearl":1,"minecraft:dirt":2,"minecraft:wooden_axe":6,"minecraft:iron_axe":70,"minecraft:cobbled_deepslate":51,"cte_essentials:plate_0_helmet":2,"minecraft:cooked_mutton":3,"minecraft:water_bucket":27,"cte_essentials:cloth_0_helmet":4,"minecraft:crafting_table":4,"minecraft:diamond_pickaxe":206,"minecraft:iron_pickaxe":424,"mmorpg:weapon/staff/iron":254,"minecraft:spruce_sapling":3,"mmorpg:weapon/staff/wood":102,"minecraft:fishing_rod":2,"minecraft:cobblestone":6,"minecraft:purple_bed":1,"minecraft:bucket":28},"minecraft:dropped":{"chococraft:loverly_gysahl_green":2,"minecraft:diamond":10,"minecraft:dirt":22,"minecraft:wooden_sword":1,"ftbquests:book":1,"cte_essentials:plate_0_helmet":1,"minecraft:bone":6,"cte_essentials:leather_4_helmet":1,"cte_essentials:plate_0_boots":3,"minecraft:cobbled_deepslate":82,"mmorpg:runes/ano":1,"minecraft:rotten_flesh":40,"minecraft:cooked_mutton":1,"supplementaries:ash":4,"minecraft:gunpowder":2,"cte_essentials:cloth_0_helmet":1,"minecraft:melon_seeds":4,"doggytalents:rice_grains":1,"globalxp:xp_block":1,"minecraft:arrow":1,"minecraft:wheat_seeds":41,"minecraft:dripstone_block":13,"minecraft:feather":1,"minecraft:cobblestone":20,"mmorpg:skill_gems/aura/dex":2,"mmorpg:weapon/staff/wood":1,"minecraft:stick":3,"sophisticatedstorage:basic_to_iron_tier_upgrade":2,"minecraft:wooden_axe":1,"minecraft:iron_leggings":1,"minecraft:spruce_sapling":1,"cte_essentials:leather_5_helmet":1,"minecraft:sweet_berries":1,"create:ochrum":5,"minecraft:deepslate":1,"minecraft:tuff":12,"minecraft:shield":1,"farmersdelight:flint_knife":3,"mmorpg:offhand/tome/wood":1,"mmorpg:offhand/tome/iron":3,"minecraft:andesite":8,"minecraft:purple_bed":1,"cte_essentials:cloth_0_boots":2,"cte_essentials:cloth_0_chestplate":1,"lightmanscurrency:coin_iron":20,"minecraft:bow":2,"mmorpg:jewelry/ring/iron":2,"minecraft:stone_pickaxe":1,"minecraft:wooden_pickaxe":1,"chococraft:gysahl_green":27},"minecraft:custom":{"minecraft:blood":0,"lootr:looted_stat":39,"minecraft:dexterity":7,"minecraft:interact_with_crafting_table":70,"minecraft:open_barrel":4,"goblintraders:trade_with_goblin":4,"minecraft:bell_ring":5,"minecraft:leave_game":4,"minecraft:time_since_death":1848,"minecraft:damage_resisted":0,"minecraft:sprint_one_cm":1129005,"minecraft:drop":85,"minecraft:health":455,"minecraft:play_time":483096,"minecraft:deaths":22,"minecraft:jump":7908,"minecraft:energy":212,"minecraft:walk_on_water_one_cm":31342,"minecraft:interact_with_furnace":10,"minecraft:intelligence":35,"minecraft:sleep_in_bed":2,"minecraft:levels_gained":16,"minecraft:waystone_activated":4,"minecraft:damage_dealt":14516,"minecraft:crouch_one_cm":17402,"minecraft:mob_kills":590,"minecraft:interact_with_campfire":4,"minecraft:damage_dealt_resisted":7,"minecraft:climb_one_cm":9730,"minecraft:mana":240,"minecraft:magic_shield":96,"minecraft:walk_one_cm":984636,"gateways:gates_defeated":1,"minecraft:damage_dealt_absorbed":74,"minecraft:sneak_time":7218,"minecraft:walk_under_water_one_cm":12297,"minecraft:interact_with_blast_furnace":1,"minecraft:total_world_time":483096,"minecraft:move_speed":7,"minecraft:time_since_rest":1885,"minecraft:damage_taken":20872,"minecraft:damage_absorbed":17664,"minecraft:swim_one_cm":57505,"minecraft:fly_one_cm":1608478,"minecraft:open_chest":238,"minecraft:strength":8,"minecraft:fish_caught":1,"minecraft:fall_one_cm":292629}},"DataVersion":3465}