{"stats":{"minecraft:custom":{"minecraft:time_since_rest":76862,"minecraft:blood":0,"minecraft:magic_shield":0,"minecraft:sprint_one_cm":47280,"minecraft:damage_absorbed":5021,"minecraft:damage_taken":1024,"minecraft:walk_one_cm":60146,"minecraft:mob_kills":1,"minecraft:drop":3,"minecraft:dexterity":0,"minecraft:intelligence":0,"minecraft:damage_dealt":1499,"minecraft:health":100,"minecraft:move_speed":0,"minecraft:fly_one_cm":60323,"minecraft:crouch_one_cm":80,"minecraft:play_time":76862,"minecraft:sneak_time":96,"minecraft:jump":463,"minecraft:energy":50,"minecraft:leave_game":3,"minecraft:time_since_death":76862,"minecraft:strength":0,"minecraft:total_world_time":76862,"minecraft:fall_one_cm":11307,"minecraft:mana":50},"minecraft:killed":{"mutantmonsters:mutant_skeleton":1},"minecraft:mined":{"minecraft:acacia_leaves":8,"minecraft:grass":41,"minecraft:acacia_log":2,"minecraft:grass_block":6,"minecraft:oak_log":8,"minecraft:dirt":19,"minecraft:tall_grass":2,"minecraft:oak_leaves":14},"minecraft:picked_up":{"minecraft:acacia_log":2,"doggytalents:rice_grains":10,"mmorpg:stat_soul":1,"minecraft:oak_log":8,"mutantmonsters:mutant_skeleton_limb":7,"minecraft:dirt":50,"mutantmonsters:mutant_skeleton_pelvis":1,"minecraft:rotten_flesh":2,"minecraft:apple":1,"minecraft:wheat_seeds":5,"mutantmonsters:mutant_skeleton_rib":4,"minecraft:oak_sapling":3,"mutantmonsters:mutant_skeleton_shoulder_pad":1},"minecraft:crafted":{"minecraft:oak_planks":8,"minecraft:acacia_planks":2,"minecraft:air":40},"minecraft:dropped":{"minecraft:dirt":7,"mutantmonsters:mutant_skeleton_limb":7,"mutantmonsters:mutant_skeleton_shoulder_pad":1},"minecraft:used":{"minecraft:apple":1,"minecraft:rotten_flesh":2,"minecraft:dirt":36}},"DataVersion":3465}