{"stats":{"minecraft:crafted":{"minecraft:air":3,"minecraft:bread":3},"minecraft:custom":{"minecraft:time_since_rest":18840,"minecraft:blood":0,"minecraft:magic_shield":8,"lootr:looted_stat":1,"minecraft:sprint_one_cm":133520,"minecraft:walk_one_cm":103686,"minecraft:damage_taken":2618,"minecraft:damage_absorbed":3760,"minecraft:mob_kills":52,"minecraft:drop":6,"minecraft:dexterity":5,"minecraft:intelligence":13,"minecraft:damage_dealt":6125,"minecraft:health":194,"minecraft:move_speed":0,"minecraft:damage_dealt_absorbed":74,"minecraft:interact_with_crafting_table":2,"minecraft:fly_one_cm":183123,"minecraft:crouch_one_cm":209,"minecraft:play_time":73238,"minecraft:deaths":5,"minecraft:bell_ring":5,"minecraft:sneak_time":23,"minecraft:jump":842,"minecraft:damage_dealt_resisted":0,"minecraft:energy":90,"minecraft:time_since_death":18810,"minecraft:climb_one_cm":74,"minecraft:strength":6,"minecraft:waystone_activated":1,"minecraft:total_world_time":73238,"minecraft:fall_one_cm":29885,"minecraft:levels_gained":5,"minecraft:mana":90},"minecraft:dropped":{"minecraft:sweet_berries":1,"minecraft:wheat_seeds":38,"minecraft:gunpowder":1,"minecraft:bow":1,"cte_essentials:plate_0_helmet":1},"minecraft:picked_up":{"minecraft:wooden_axe":1,"minecraft:wheat":9,"mmorpg:material/farming/0":1,"cte_essentials:cloth_0_chestplate":1,"minecraft:sweet_berries":9,"minecraft:andesite":8,"minecraft:leather":6,"doggytalents:rice_grains":3,"mmorpg:stat_soul":4,"mmorpg:jewelry/necklace/iron":1,"mmorpg:weapon/staff/wood":1,"minecraft:gunpowder":4,"cte_essentials:plate_0_helmet":1,"minecraft:string":4,"minecraft:dirt":17,"lightmanscurrency:coin_copper":76,"minecraft:arrow":10,"minecraft:bone":14,"minecraft:rotten_flesh":14,"lightmanscurrency:wallet_gold":1,"minecraft:bow":2,"minecraft:wheat_seeds":57,"minecraft:beef":4,"mmorpg:rare_mats/farming/lesser":1,"cte_essentials:cloth_0_helmet":1,"minecraft:gray_wool":1,"lightmanscurrency:coin_iron":20,"minecraft:mutton":9,"minecraft:white_wool":5,"minecraft:stick":2},"minecraft:killed":{"minecraft:sheep":6,"minecraft:skeleton":9,"minecraft:zombie":19,"minecraft:witch":1,"minecraft:zombie_villager":2,"minecraft:spider":6,"minecraft:creeper":3,"minecraft:cow":2,"minecraft:horse":2},"minecraft:mined":{"minecraft:large_fern":1,"minecraft:grass":15,"minecraft:fern":2},"minecraft:killed_by":{"minecraft:zombie":5},"minecraft:used":{"minecraft:bread":3,"cte_essentials:cloth_0_helmet":3,"minecraft:white_wool":1,"mmorpg:weapon/staff/wood":102,"minecraft:sweet_berries":14,"cte_essentials:plate_0_helmet":2}},"DataVersion":3465}