{"stats":{"minecraft:custom":{"minecraft:time_since_rest":11628,"minecraft:blood":0,"minecraft:magic_shield":0,"minecraft:sprint_one_cm":62509,"minecraft:damage_absorbed":6161,"minecraft:damage_taken":1645,"minecraft:walk_one_cm":130072,"minecraft:mob_kills":19,"minecraft:drop":5,"minecraft:dexterity":5,"minecraft:intelligence":7,"minecraft:damage_dealt":4637,"minecraft:health":210,"minecraft:move_speed":0,"minecraft:interact_with_crafting_table":6,"minecraft:fly_one_cm":77160,"minecraft:crouch_one_cm":80,"minecraft:play_time":100862,"minecraft:deaths":1,"minecraft:sneak_time":96,"minecraft:damage_dealt_resisted":0,"minecraft:jump":650,"minecraft:energy":80,"minecraft:leave_game":3,"minecraft:time_since_death":11602,"minecraft:strength":10,"minecraft:total_world_time":100862,"minecraft:levels_gained":4,"minecraft:fall_one_cm":13308,"minecraft:mana":85},"minecraft:killed_by":{"minecraft:zombie":1},"minecraft:killed":{"minecraft:skeleton":1,"minecraft:zombie":12,"minecraft:spider":2,"mutantmonsters:mutant_skeleton":1},"minecraft:mined":{"minecraft:acacia_leaves":13,"minecraft:grass":65,"minecraft:acacia_log":13,"minecraft:coal_ore":1,"minecraft:grass_block":6,"minecraft:oak_log":8,"minecraft:dirt":19,"minecraft:tall_grass":2,"minecraft:stone":6,"minecraft:oak_leaves":14},"minecraft:crafted":{"minecraft:oak_planks":8,"minecraft:crafting_table":1,"minecraft:stick":4,"minecraft:wooden_pickaxe":1,"minecraft:stone_sword":1,"minecraft:acacia_planks":2,"minecraft:air":42},"minecraft:dropped":{"minecraft:dirt":7,"minecraft:trident":2,"mutantmonsters:mutant_skeleton_limb":7,"mutantmonsters:mutant_skeleton_shoulder_pad":1},"minecraft:picked_up":{"cte_essentials:cloth_0_chestplate":1,"minecraft:acacia_log":13,"doggytalents:rice_grains":14,"mmorpg:stat_soul":3,"minecraft:oak_log":8,"minecraft:trident":3,"mutantmonsters:mutant_skeleton_limb":7,"minecraft:dirt":51,"mutantmonsters:mutant_skeleton_pelvis":1,"minecraft:wooden_sword":1,"lightmanscurrency:coin_copper":30,"minecraft:bone":3,"minecraft:rotten_flesh":8,"minecraft:apple":1,"mmorpg:gems/ruby/0":1,"minecraft:wheat_seeds":6,"mmorpg:gems/tourmaline/0":1,"mutantmonsters:mutant_skeleton_rib":4,"lightmanscurrency:coin_iron":17,"minecraft:oak_sapling":3,"mutantmonsters:mutant_skeleton_shoulder_pad":1,"minecraft:coal":1,"minecraft:acacia_sapling":1,"minecraft:cobblestone":6},"minecraft:used":{"minecraft:trident":15,"minecraft:stone_sword":57,"minecraft:apple":1,"minecraft:wooden_pickaxe":7,"minecraft:rotten_flesh":2,"minecraft:dirt":36,"minecraft:crafting_table":1}},"DataVersion":3465}