{"stats":{"minecraft:custom":{"minecraft:time_since_rest":14407,"minecraft:blood":0,"minecraft:magic_shield":0,"minecraft:play_time":14407,"minecraft:sprint_one_cm":6275,"minecraft:walk_one_cm":5855,"minecraft:sneak_time":10,"minecraft:dexterity":0,"minecraft:jump":46,"minecraft:intelligence":0,"minecraft:energy":50,"minecraft:leave_game":2,"minecraft:health":100,"minecraft:move_speed":0,"minecraft:time_since_death":14407,"minecraft:strength":0,"minecraft:total_world_time":14407,"minecraft:mana":50,"minecraft:fall_one_cm":418,"minecraft:fly_one_cm":7281},"minecraft:mined":{"minecraft:grass":2,"minecraft:oak_log":6,"minecraft:oak_leaves":1},"minecraft:picked_up":{"minecraft:apple":1,"minecraft:wheat_seeds":2,"doggytalents:rice_grains":2,"minecraft:oak_log":6,"minecraft:oak_sapling":3}},"DataVersion":3465}