{"stats":{"minecraft:custom":{"minecraft:time_since_rest":31167,"minecraft:blood":0,"minecraft:crouch_one_cm":44,"minecraft:magic_shield":0,"minecraft:damage_taken":705,"minecraft:play_time":31167,"minecraft:sprint_one_cm":17676,"minecraft:damage_absorbed":4610,"minecraft:walk_one_cm":16830,"minecraft:sneak_time":40,"minecraft:mob_kills":1,"minecraft:dexterity":0,"minecraft:jump":197,"minecraft:intelligence":0,"minecraft:energy":50,"minecraft:damage_dealt":1499,"minecraft:leave_game":2,"minecraft:health":100,"minecraft:move_speed":0,"minecraft:time_since_death":31167,"minecraft:strength":0,"minecraft:total_world_time":31167,"minecraft:fly_one_cm":27531,"minecraft:fall_one_cm":3823,"minecraft:mana":50},"minecraft:killed":{"mutantmonsters:mutant_skeleton":1},"minecraft:mined":{"minecraft:grass":9,"minecraft:grass_block":4,"minecraft:oak_log":6,"minecraft:dirt":19,"minecraft:oak_leaves":4},"minecraft:picked_up":{"minecraft:rotten_flesh":2,"minecraft:apple":1,"minecraft:wheat_seeds":2,"doggytalents:rice_grains":8,"minecraft:oak_log":6,"minecraft:oak_sapling":3,"minecraft:dirt":41},"minecraft:used":{"minecraft:apple":1,"minecraft:dirt":22}},"DataVersion":3465}