{"stats":{"minecraft:custom":{"minecraft:blood":0,"minecraft:mob_kills":24,"minecraft:dexterity":5,"minecraft:intelligence":7,"minecraft:move_speed":0,"minecraft:interact_with_crafting_table":6,"minecraft:damage_dealt_resisted":0,"minecraft:leave_game":3,"minecraft:time_since_death":23602,"minecraft:levels_gained":5,"minecraft:mana":95,"minecraft:time_since_rest":23628,"minecraft:magic_shield":0,"minecraft:sprint_one_cm":78216,"minecraft:walk_one_cm":150066,"minecraft:damage_taken":1813,"minecraft:damage_absorbed":6548,"minecraft:drop":7,"minecraft:damage_dealt":5564,"minecraft:health":227,"minecraft:fly_one_cm":87741,"minecraft:crouch_one_cm":80,"minecraft:play_time":112862,"minecraft:deaths":1,"minecraft:sneak_time":97,"minecraft:jump":719,"minecraft:energy":90,"minecraft:strength":10,"minecraft:total_world_time":112862,"minecraft:fall_one_cm":14355},"minecraft:killed_by":{"minecraft:zombie":1},"minecraft:killed":{"minecraft:spider":3,"mutantmonsters:mutant_skeleton":1,"minecraft:skeleton":3,"minecraft:zombie":13,"minecraft:cow":1},"minecraft:mined":{"minecraft:acacia_leaves":13,"minecraft:acacia_log":13,"minecraft:grass_block":8,"minecraft:tall_grass":2,"minecraft:grass":70,"minecraft:oak_log":8,"minecraft:coal_ore":1,"minecraft:dirt":41,"minecraft:stone":6,"minecraft:oak_leaves":14},"minecraft:dropped":{"mutantmonsters:mutant_skeleton_shoulder_pad":1,"minecraft:dirt":7,"minecraft:trident":2,"mutantmonsters:mutant_skeleton_limb":7,"minecraft:arrow":64,"minecraft:bow":1},"minecraft:crafted":{"minecraft:oak_planks":8,"minecraft:crafting_table":1,"minecraft:wooden_pickaxe":1,"minecraft:air":42,"minecraft:stick":4,"minecraft:stone_sword":1,"minecraft:acacia_planks":2},"minecraft:picked_up":{"minecraft:wooden_axe":1,"doggytalents:rice_grains":14,"minecraft:oak_log":8,"mutantmonsters:mutant_skeleton_limb":7,"minecraft:dirt":74,"minecraft:string":3,"minecraft:wooden_sword":1,"minecraft:bone":3,"minecraft:apple":1,"minecraft:bow":1,"minecraft:wheat_seeds":8,"mmorpg:gems/tourmaline/0":1,"minecraft:beef":2,"lightmanscurrency:coin_iron":24,"minecraft:acacia_sapling":1,"minecraft:egg":1,"cte_essentials:cloth_0_chestplate":1,"minecraft:acacia_log":13,"mmorpg:stat_soul":3,"minecraft:trident":3,"mmorpg:skill_gems/support/int":1,"mutantmonsters:mutant_skeleton_pelvis":1,"lightmanscurrency:coin_copper":41,"minecraft:arrow":1,"minecraft:rotten_flesh":9,"mmorpg:gems/ruby/0":1,"minecraft:crossbow":1,"mutantmonsters:mutant_skeleton_rib":4,"minecraft:oak_sapling":3,"mutantmonsters:mutant_skeleton_shoulder_pad":1,"minecraft:coal":1,"minecraft:cobblestone":6},"minecraft:used":{"minecraft:trident":28,"minecraft:stone_sword":57,"minecraft:wooden_pickaxe":7,"minecraft:iron_sword":1,"minecraft:rotten_flesh":2,"minecraft:dirt":39,"minecraft:crafting_table":1,"minecraft:apple":1,"minecraft:egg":1}},"DataVersion":3465}