{"stats":{"minecraft:picked_up":{"minecraft:rotten_flesh":2,"minecraft:wheat_seeds":3},"minecraft:custom":{"minecraft:jump":61,"minecraft:time_since_rest":8898,"minecraft:leave_game":1,"minecraft:sprint_one_cm":9887,"minecraft:play_time":8898,"minecraft:damage_taken":105,"minecraft:time_since_death":8898,"minecraft:walk_one_cm":4184,"minecraft:total_world_time":8898,"minecraft:fall_one_cm":1730,"minecraft:drop":5,"minecraft:fly_one_cm":10656},"minecraft:mined":{"minecraft:grass":7,"minecraft:oak_leaves":2},"minecraft:dropped":{"minecraft:rotten_flesh":2,"minecraft:wheat_seeds":3}},"DataVersion":3465}