{"stats":{"minecraft:custom":{"minecraft:time_since_rest":5063,"minecraft:blood":0,"minecraft:magic_shield":0,"minecraft:sprint_one_cm":50964,"minecraft:walk_one_cm":121803,"minecraft:damage_taken":1253,"minecraft:damage_absorbed":2117,"minecraft:mob_kills":23,"minecraft:drop":7,"minecraft:dexterity":2,"minecraft:intelligence":1,"minecraft:damage_dealt":979,"minecraft:health":164,"minecraft:move_speed":0,"minecraft:interact_with_crafting_table":5,"minecraft:fly_one_cm":63481,"minecraft:crouch_one_cm":437,"minecraft:play_time":45158,"minecraft:deaths":1,"minecraft:sneak_time":154,"minecraft:jump":431,"minecraft:damage_dealt_resisted":0,"minecraft:energy":90,"minecraft:time_since_death":5037,"minecraft:strength":0,"minecraft:total_world_time":45158,"minecraft:levels_gained":5,"minecraft:fall_one_cm":9969,"minecraft:mana":90},"minecraft:killed_by":{"minecraft:spider":1},"minecraft:killed":{"minecraft:skeleton":6,"minecraft:zombie":9,"minecraft:pig":1,"minecraft:chicken":1,"riskofrain_mobs:lemurian_entity":2,"minecraft:spider":2,"minecraft:cow":2},"minecraft:mined":{"minecraft:grass":149,"minecraft:grass_block":7,"minecraft:dirt":7,"minecraft:tall_grass":11},"minecraft:dropped":{"minecraft:wheat_seeds":4,"mutantmonsters:mutant_skeleton_limb":1,"ftbquests:book":2},"minecraft:picked_up":{"mmorpg:gems/topaz/0":1,"minecraft:chicken":1,"minecraft:leather":2,"doggytalents:rice_grains":12,"minecraft:porkchop":1,"minecraft:trident":6,"cte_essentials:plate_0_helmet":1,"minecraft:spider_eye":1,"mutantmonsters:mutant_skeleton_limb":8,"minecraft:dirt":14,"lightmanscurrency:coin_copper":35,"minecraft:bone":5,"minecraft:arrow":67,"minecraft:rotten_flesh":3,"minecraft:bow":15,"minecraft:wheat_seeds":21,"ftbquests:book":2,"minecraft:beef":1,"supplementaries:ash":1,"lightmanscurrency:coin_iron":1,"mutantmonsters:mutant_skeleton_shoulder_pad":1,"minecraft:egg":2},"minecraft:used":{"minecraft:chicken":1,"minecraft:zombie_spawn_egg":1,"aquaculture:wooden_fillet_knife":20,"minecraft:rotten_flesh":1,"minecraft:dirt":12,"minecraft:bow":69}},"DataVersion":3465}