{"stats":{"minecraft:custom":{"minecraft:blood":0,"lootr:looted_stat":23,"minecraft:interact_with_furnace":1,"minecraft:mob_kills":35,"minecraft:dexterity":15,"minecraft:intelligence":6,"minecraft:move_speed":0,"minecraft:interact_with_crafting_table":7,"minecraft:bell_ring":6,"minecraft:damage_dealt_resisted":0,"minecraft:time_since_death":101035,"minecraft:sleep_in_bed":4,"minecraft:climb_one_cm":2801,"minecraft:levels_gained":6,"minecraft:mana":116,"minecraft:time_since_rest":24220,"minecraft:waystone_activated":1,"minecraft:magic_shield":0,"minecraft:sprint_one_cm":200759,"minecraft:damage_absorbed":4451,"minecraft:damage_taken":2873,"minecraft:walk_one_cm":298092,"minecraft:drop":20,"minecraft:damage_dealt":1664,"minecraft:health":229,"minecraft:swim_one_cm":3390,"minecraft:talked_to_villager":23,"minecraft:fly_one_cm":198532,"minecraft:crouch_one_cm":2972,"minecraft:play_time":189158,"minecraft:deaths":3,"minecraft:sneak_time":833,"minecraft:walk_under_water_one_cm":468,"minecraft:boat_one_cm":48165,"minecraft:jump":1202,"minecraft:energy":103,"minecraft:interact_with_blast_furnace":2,"minecraft:strength":5,"minecraft:walk_on_water_one_cm":3953,"minecraft:total_world_time":189158,"minecraft:fall_one_cm":31828},"minecraft:killed_by":{"mutantmonsters:mutant_skeleton":1,"minecraft:spider":1,"minecraft:zombie":1},"minecraft:killed":{"minecraft:pig":1,"riskofrain_mobs:lemurian_entity":2,"minecraft:spider":2,"minecraft:skeleton":6,"minecraft:zombie":15,"minecraft:chicken":4,"mutantmonsters:mutant_zombie":1,"minecraft:cow":4},"minecraft:mined":{"minecraft:red_bed":1,"minecraft:jungle_leaves":1,"minecraft:grass_block":18,"minecraft:tall_grass":12,"minecraft:coarse_dirt":1,"minecraft:grass":246,"chococraft:gysahl_green":6,"minecraft:dirt_path":1,"minecraft:dirt":11,"minecraft:oak_leaves":10},"minecraft:picked_up":{"chococraft:loverly_gysahl_green":1,"minecraft:coarse_dirt":1,"mmorpg:gems/topaz/0":1,"minecraft:air":0,"minecraft:feather":4,"minecraft:chicken":4,"minecraft:leather":4,"doggytalents:rice_grains":26,"minecraft:shield":1,"cte_essentials:plate_0_helmet":2,"farmersdelight:flint_knife":5,"mutantmonsters:mutant_skeleton_limb":9,"minecraft:red_bed":1,"minecraft:dirt":80,"minecraft:wooden_sword":1,"minecraft:bone":5,"chococraft:gysahl_green":13,"minecraft:bow":24,"minecraft:wheat_seeds":33,"ftbquests:book":2,"minecraft:beef":7,"mmorpg:runes/mos":1,"lightmanscurrency:coin_iron":20,"minecraft:iron_sword":1,"minecraft:acacia_sapling":1,"minecraft:egg":3,"minecraft:porkchop":1,"chococraft:gysahl_green_seeds":6,"minecraft:trident":6,"minecraft:spider_eye":2,"cte_essentials:cloth_0_boots":1,"lightmanscurrency:coin_copper":82,"mmorpg:offhand/dodge/wood":1,"minecraft:stone_sword":1,"alexsmobs:kangaroo_hide":2,"minecraft:arrow":77,"minecraft:rotten_flesh":22,"stalwart_dungeons:stone_hammer":2,"minecraft:bread":2,"supplementaries:ash":1,"minecraft:oak_sapling":3,"mutantmonsters:mutant_skeleton_shoulder_pad":4,"alexsmobs:kangaroo_meat":4,"minecraft:cobblestone":6},"minecraft:dropped":{"cte_essentials:leather_0_boots":1,"mmorpg:stat_soul":1,"mmorpg:offhand/dodge/wood":1,"minecraft:wheat_seeds":16,"minecraft:coarse_dirt":1,"minecraft:stone_sword":1,"mutantmonsters:mutant_skeleton_shoulder_pad":2,"mmorpg:weapon/staff/wood":1,"mmorpg:runes/mos":1,"mutantmonsters:mutant_skeleton_limb":1,"minecraft:arrow":44,"ftbquests:book":2,"cte_essentials:cloth_0_leggings":1,"cte_essentials:leather_0_leggings":1},"minecraft:used":{"minecraft:iron_sword":10,"minecraft:zombie_spawn_egg":1,"aquaculture:wooden_fillet_knife":28,"minecraft:rotten_flesh":1,"minecraft:golden_hoe":17,"minecraft:dirt":32,"minecraft:crossbow":4,"minecraft:chicken":1,"minecraft:bread":5,"minecraft:iron_pickaxe":1,"minecraft:beef":7,"minecraft:bow":110,"minecraft:egg":2}},"DataVersion":3465}