{"stats":{"minecraft:custom":{"minecraft:time_since_rest":9158,"minecraft:blood":0,"minecraft:magic_shield":0,"minecraft:crouch_one_cm":264,"minecraft:play_time":9158,"minecraft:sprint_one_cm":2422,"minecraft:walk_one_cm":29285,"minecraft:sneak_time":47,"minecraft:drop":1,"minecraft:dexterity":0,"minecraft:jump":48,"minecraft:intelligence":0,"minecraft:energy":50,"minecraft:time_since_death":9158,"minecraft:health":100,"minecraft:move_speed":0,"minecraft:strength":0,"minecraft:total_world_time":9158,"minecraft:fall_one_cm":418,"minecraft:mana":50,"minecraft:fly_one_cm":2284},"minecraft:mined":{"minecraft:grass":18,"minecraft:grass_block":3,"minecraft:dirt":4},"minecraft:dropped":{"ftbquests:book":1},"minecraft:picked_up":{"minecraft:wheat_seeds":3,"doggytalents:rice_grains":1,"ftbquests:book":1,"supplementaries:ash":1,"mutantmonsters:mutant_skeleton_shoulder_pad":1,"mutantmonsters:mutant_skeleton_limb":7,"minecraft:dirt":7},"minecraft:used":{"minecraft:dirt":4}},"DataVersion":3465}