{"stats":{"minecraft:custom":{"minecraft:time_since_rest":21158,"minecraft:blood":0,"minecraft:magic_shield":0,"minecraft:crouch_one_cm":388,"minecraft:play_time":21158,"minecraft:sprint_one_cm":17627,"minecraft:damage_taken":464,"minecraft:damage_absorbed":596,"minecraft:walk_one_cm":53386,"minecraft:sneak_time":144,"minecraft:mob_kills":1,"minecraft:drop":7,"minecraft:damage_dealt_resisted":0,"minecraft:dexterity":0,"minecraft:jump":167,"minecraft:intelligence":0,"minecraft:energy":50,"minecraft:damage_dealt":505,"minecraft:time_since_death":21158,"minecraft:health":100,"minecraft:move_speed":0,"minecraft:strength":0,"minecraft:total_world_time":21158,"minecraft:interact_with_crafting_table":5,"minecraft:fall_one_cm":4291,"minecraft:mana":50,"minecraft:fly_one_cm":16398},"minecraft:killed":{"minecraft:zombie":1},"minecraft:mined":{"minecraft:grass":85,"minecraft:grass_block":4,"minecraft:dirt":5,"minecraft:tall_grass":8},"minecraft:picked_up":{"minecraft:wheat_seeds":16,"doggytalents:rice_grains":7,"ftbquests:book":2,"minecraft:trident":6,"supplementaries:ash":1,"mutantmonsters:mutant_skeleton_shoulder_pad":1,"mutantmonsters:mutant_skeleton_limb":8,"minecraft:dirt":9},"minecraft:dropped":{"minecraft:wheat_seeds":4,"mutantmonsters:mutant_skeleton_limb":1,"ftbquests:book":2},"minecraft:used":{"minecraft:dirt":7}},"DataVersion":3465}