{"stats":{"minecraft:custom":{"minecraft:time_since_rest":7036,"minecraft:blood":0,"minecraft:magic_shield":0,"minecraft:interact_with_furnace":1,"minecraft:sprint_one_cm":97901,"minecraft:walk_one_cm":162391,"minecraft:damage_taken":1688,"minecraft:damage_absorbed":3557,"minecraft:mob_kills":28,"minecraft:drop":8,"minecraft:dexterity":4,"minecraft:intelligence":1,"minecraft:damage_dealt":1263,"minecraft:health":164,"minecraft:move_speed":0,"minecraft:interact_with_crafting_table":5,"minecraft:fly_one_cm":104919,"minecraft:crouch_one_cm":1763,"minecraft:play_time":57158,"minecraft:deaths":2,"minecraft:sneak_time":432,"minecraft:jump":649,"minecraft:damage_dealt_resisted":0,"minecraft:energy":90,"minecraft:walk_on_water_one_cm":654,"minecraft:time_since_death":6964,"minecraft:strength":0,"minecraft:total_world_time":57158,"minecraft:levels_gained":5,"minecraft:fall_one_cm":15968,"minecraft:mana":90},"minecraft:killed_by":{"mutantmonsters:mutant_skeleton":1,"minecraft:spider":1},"minecraft:killed":{"minecraft:skeleton":6,"minecraft:zombie":9,"minecraft:pig":1,"minecraft:chicken":4,"riskofrain_mobs:lemurian_entity":2,"minecraft:spider":2,"minecraft:cow":4},"minecraft:mined":{"chococraft:gysahl_green":6,"minecraft:grass":166,"minecraft:grass_block":11,"minecraft:dirt":7,"minecraft:tall_grass":11},"minecraft:dropped":{"minecraft:wheat_seeds":4,"mutantmonsters:mutant_skeleton_limb":1,"minecraft:arrow":35,"ftbquests:book":2},"minecraft:picked_up":{"chococraft:loverly_gysahl_green":1,"minecraft:feather":4,"mmorpg:gems/topaz/0":1,"minecraft:chicken":4,"minecraft:leather":4,"doggytalents:rice_grains":14,"minecraft:porkchop":1,"chococraft:gysahl_green_seeds":6,"minecraft:trident":6,"cte_essentials:plate_0_helmet":2,"farmersdelight:flint_knife":5,"minecraft:spider_eye":1,"mutantmonsters:mutant_skeleton_limb":9,"minecraft:dirt":20,"lightmanscurrency:coin_copper":35,"chococraft:gysahl_green":13,"minecraft:bone":5,"minecraft:arrow":67,"minecraft:rotten_flesh":5,"minecraft:bow":20,"minecraft:wheat_seeds":21,"ftbquests:book":2,"minecraft:beef":7,"supplementaries:ash":1,"lightmanscurrency:coin_iron":1,"mutantmonsters:mutant_skeleton_shoulder_pad":1,"minecraft:egg":3},"minecraft:used":{"minecraft:chicken":1,"minecraft:zombie_spawn_egg":1,"aquaculture:wooden_fillet_knife":28,"minecraft:rotten_flesh":1,"minecraft:golden_hoe":3,"minecraft:dirt":20,"minecraft:bow":85,"minecraft:beef":1,"minecraft:egg":2}},"DataVersion":3465}