{"stats":{"minecraft:custom":{"minecraft:blood":0,"lootr:looted_stat":23,"minecraft:interact_with_furnace":1,"minecraft:mob_kills":39,"minecraft:dexterity":15,"minecraft:intelligence":6,"minecraft:move_speed":0,"minecraft:interact_with_crafting_table":7,"minecraft:bell_ring":6,"minecraft:damage_dealt_resisted":0,"minecraft:time_since_death":780,"minecraft:sleep_in_bed":5,"minecraft:climb_one_cm":4793,"minecraft:levels_gained":7,"minecraft:mana":132,"minecraft:time_since_rest":835,"minecraft:waystone_activated":1,"minecraft:magic_shield":0,"minecraft:sprint_one_cm":254865,"minecraft:damage_absorbed":4471,"minecraft:damage_taken":3222,"minecraft:walk_one_cm":346210,"minecraft:drop":40,"minecraft:damage_dealt":2420,"minecraft:health":247,"minecraft:swim_one_cm":4139,"minecraft:talked_to_villager":23,"minecraft:fly_one_cm":220447,"minecraft:crouch_one_cm":3285,"minecraft:play_time":213158,"minecraft:deaths":4,"minecraft:sneak_time":889,"minecraft:walk_under_water_one_cm":2106,"minecraft:boat_one_cm":48165,"minecraft:jump":1455,"minecraft:energy":113,"minecraft:interact_with_blast_furnace":2,"minecraft:strength":5,"minecraft:walk_on_water_one_cm":10925,"minecraft:total_world_time":213158,"minecraft:fall_one_cm":40092},"minecraft:killed_by":{"mutantmonsters:mutant_skeleton":1,"minecraft:creeper":1,"minecraft:spider":1,"minecraft:zombie":1},"minecraft:killed":{"minecraft:pig":1,"riskofrain_mobs:lemurian_entity":2,"minecraft:spider":2,"minecraft:creeper":2,"monsterplus:crystal_zombie":1,"minecraft:skeleton":6,"minecraft:zombie":16,"minecraft:chicken":4,"mutantmonsters:mutant_zombie":1,"minecraft:cow":4},"minecraft:mined":{"minecraft:oak_slab":1,"minecraft:red_bed":2,"minecraft:jungle_leaves":1,"minecraft:torch":1,"minecraft:grass_block":18,"minecraft:tall_grass":12,"minecraft:wall_torch":1,"supplementaries:urn":1,"minecraft:coarse_dirt":1,"minecraft:moss_carpet":2,"minecraft:coal_ore":2,"minecraft:potted_dandelion":1,"minecraft:grass":246,"chococraft:gysahl_green":6,"minecraft:dirt_path":1,"minecraft:dirt":11,"minecraft:cobweb":1,"minecraft:oak_leaves":10},"minecraft:dropped":{"cte_essentials:leather_0_boots":1,"mmorpg:stat_soul":1,"minecraft:oak_slab":2,"minecraft:moss_carpet":2,"mmorpg:offhand/dodge/wood":2,"minecraft:wheat_seeds":16,"minecraft:coarse_dirt":1,"minecraft:stone_sword":1,"minecraft:feather":16,"minecraft:skeleton_spawn_egg":4,"mutantmonsters:mutant_skeleton_shoulder_pad":2,"mmorpg:weapon/staff/wood":1,"mmorpg:runes/mos":1,"mutantmonsters:mutant_skeleton_limb":1,"doggytalents:rice_grains":19,"minecraft:spider_eye":2,"minecraft:arrow":44,"mmorpg:gems/topaz/0":2,"ftbquests:book":2,"minecraft:dandelion":3,"minecraft:bone":10,"cte_essentials:cloth_0_leggings":1,"cte_essentials:leather_0_leggings":1},"minecraft:picked_up":{"mmorpg:gems/topaz/1":1,"chococraft:loverly_gysahl_green":1,"minecraft:coarse_dirt":1,"mmorpg:gems/topaz/0":2,"minecraft:air":0,"minecraft:feather":20,"minecraft:chicken":4,"minecraft:leather":4,"doggytalents:rice_grains":26,"minecraft:shield":1,"cte_essentials:plate_0_helmet":2,"farmersdelight:flint_knife":5,"mutantmonsters:mutant_skeleton_limb":9,"minecraft:red_bed":2,"minecraft:dirt":96,"minecraft:moss_carpet":2,"minecraft:wooden_sword":1,"minecraft:bone":10,"chococraft:gysahl_green":13,"mmorpg:gems/azurite/1":1,"minecraft:bow":29,"minecraft:wheat_seeds":33,"ftbquests:book":2,"minecraft:beef":7,"mmorpg:runes/mos":1,"lightmanscurrency:coin_iron":20,"minecraft:iron_sword":1,"minecraft:acacia_sapling":1,"minecraft:egg":3,"minecraft:oak_slab":2,"minecraft:torch":2,"minecraft:dandelion":3,"minecraft:porkchop":1,"chococraft:gysahl_green_seeds":6,"minecraft:trident":6,"minecraft:spider_eye":2,"cte_essentials:cloth_0_boots":1,"lightmanscurrency:coin_copper":82,"mmorpg:offhand/dodge/wood":1,"minecraft:skeleton_spawn_egg":4,"minecraft:stone_sword":1,"alexsmobs:kangaroo_hide":2,"minecraft:arrow":77,"minecraft:rotten_flesh":22,"minecraft:deepslate":1,"stalwart_dungeons:stone_hammer":2,"mmorpg:runes/ano":1,"minecraft:bread":2,"supplementaries:ash":8,"minecraft:coal":2,"minecraft:oak_sapling":3,"mutantmonsters:mutant_skeleton_shoulder_pad":4,"alexsmobs:kangaroo_meat":4,"minecraft:cobblestone":6},"minecraft:used":{"minecraft:iron_sword":25,"minecraft:zombie_spawn_egg":1,"aquaculture:wooden_fillet_knife":28,"minecraft:rotten_flesh":1,"minecraft:torch":2,"minecraft:golden_hoe":20,"minecraft:dirt":33,"minecraft:red_bed":1,"minecraft:crossbow":4,"minecraft:chicken":1,"minecraft:bread":5,"minecraft:iron_pickaxe":3,"minecraft:beef":7,"minecraft:bow":110,"minecraft:egg":2}},"DataVersion":3465}