{"stats":{"minecraft:custom":{"minecraft:time_since_rest":19036,"minecraft:blood":0,"minecraft:magic_shield":0,"minecraft:interact_with_furnace":1,"minecraft:sprint_one_cm":109495,"minecraft:walk_one_cm":179411,"minecraft:damage_taken":1801,"minecraft:damage_absorbed":3999,"minecraft:mob_kills":30,"minecraft:drop":10,"minecraft:dexterity":15,"minecraft:intelligence":6,"minecraft:damage_dealt":1319,"minecraft:health":205,"minecraft:move_speed":0,"minecraft:talked_to_villager":21,"minecraft:interact_with_crafting_table":5,"minecraft:fly_one_cm":108519,"minecraft:crouch_one_cm":1842,"minecraft:play_time":69158,"minecraft:deaths":2,"minecraft:sneak_time":569,"minecraft:jump":678,"minecraft:damage_dealt_resisted":0,"minecraft:energy":103,"minecraft:walk_on_water_one_cm":654,"minecraft:time_since_death":18964,"minecraft:strength":5,"minecraft:total_world_time":69158,"minecraft:levels_gained":6,"minecraft:fall_one_cm":15968,"minecraft:mana":100,"lootr:looted_stat":6},"minecraft:killed_by":{"mutantmonsters:mutant_skeleton":1,"minecraft:spider":1},"minecraft:killed":{"minecraft:skeleton":6,"minecraft:zombie":11,"minecraft:pig":1,"minecraft:chicken":4,"riskofrain_mobs:lemurian_entity":2,"minecraft:spider":2,"minecraft:cow":4},"minecraft:mined":{"minecraft:coarse_dirt":1,"minecraft:dirt_path":1,"chococraft:gysahl_green":6,"minecraft:grass":166,"minecraft:grass_block":11,"minecraft:dirt":7,"minecraft:tall_grass":11},"minecraft:dropped":{"mmorpg:offhand/dodge/wood":1,"minecraft:wheat_seeds":4,"minecraft:coarse_dirt":1,"mutantmonsters:mutant_skeleton_limb":1,"minecraft:arrow":35,"ftbquests:book":2},"minecraft:picked_up":{"minecraft:coarse_dirt":1,"chococraft:loverly_gysahl_green":1,"minecraft:feather":4,"mmorpg:gems/topaz/0":1,"minecraft:chicken":4,"minecraft:leather":4,"doggytalents:rice_grains":14,"minecraft:porkchop":1,"chococraft:gysahl_green_seeds":6,"minecraft:trident":6,"cte_essentials:plate_0_helmet":2,"farmersdelight:flint_knife":5,"minecraft:spider_eye":1,"mutantmonsters:mutant_skeleton_limb":9,"minecraft:dirt":20,"mmorpg:offhand/dodge/wood":1,"lightmanscurrency:coin_copper":39,"chococraft:gysahl_green":13,"minecraft:bone":5,"minecraft:arrow":67,"minecraft:rotten_flesh":7,"minecraft:bow":20,"minecraft:wheat_seeds":21,"ftbquests:book":2,"minecraft:beef":7,"supplementaries:ash":1,"lightmanscurrency:coin_iron":9,"mutantmonsters:mutant_skeleton_shoulder_pad":1,"minecraft:egg":3},"minecraft:used":{"minecraft:bread":2,"minecraft:chicken":1,"minecraft:zombie_spawn_egg":1,"aquaculture:wooden_fillet_knife":28,"minecraft:rotten_flesh":1,"minecraft:golden_hoe":7,"minecraft:dirt":20,"minecraft:bow":96,"minecraft:beef":2,"minecraft:egg":2}},"DataVersion":3465}