{"stats":{"minecraft:custom":{"minecraft:time_since_rest":33158,"minecraft:blood":0,"minecraft:magic_shield":0,"minecraft:crouch_one_cm":388,"minecraft:play_time":33158,"minecraft:sprint_one_cm":32522,"minecraft:damage_taken":553,"minecraft:damage_absorbed":672,"minecraft:walk_one_cm":75798,"minecraft:sneak_time":145,"minecraft:mob_kills":1,"minecraft:drop":7,"minecraft:damage_dealt_resisted":0,"minecraft:dexterity":1,"minecraft:jump":263,"minecraft:intelligence":1,"minecraft:energy":70,"minecraft:damage_dealt":551,"minecraft:time_since_death":33158,"minecraft:health":132,"minecraft:move_speed":0,"minecraft:strength":0,"minecraft:total_world_time":33158,"minecraft:levels_gained":3,"minecraft:interact_with_crafting_table":5,"minecraft:fall_one_cm":7194,"minecraft:mana":70,"minecraft:fly_one_cm":37234},"minecraft:killed":{"minecraft:zombie":1},"minecraft:mined":{"minecraft:grass":116,"minecraft:grass_block":5,"minecraft:dirt":5,"minecraft:tall_grass":11},"minecraft:dropped":{"minecraft:wheat_seeds":4,"mutantmonsters:mutant_skeleton_limb":1,"ftbquests:book":2},"minecraft:picked_up":{"lightmanscurrency:coin_copper":27,"minecraft:rotten_flesh":3,"minecraft:bow":11,"minecraft:wheat_seeds":18,"doggytalents:rice_grains":8,"ftbquests:book":2,"minecraft:trident":6,"supplementaries:ash":1,"mutantmonsters:mutant_skeleton_shoulder_pad":1,"mutantmonsters:mutant_skeleton_limb":8,"minecraft:dirt":9},"minecraft:used":{"minecraft:dirt":7}},"DataVersion":3465}