{"stats":{"minecraft:custom":{"minecraft:time_since_rest":7186,"minecraft:blood":0,"minecraft:magic_shield":0,"minecraft:sprint_one_cm":21553,"minecraft:play_time":7186,"minecraft:damage_absorbed":127,"minecraft:damage_taken":93,"minecraft:walk_one_cm":15733,"minecraft:walk_under_water_one_cm":151,"minecraft:dexterity":0,"minecraft:jump":85,"minecraft:intelligence":0,"minecraft:energy":70,"minecraft:damage_dealt":23,"minecraft:walk_on_water_one_cm":238,"minecraft:health":132,"minecraft:time_since_death":7186,"minecraft:move_speed":0,"minecraft:strength":0,"minecraft:climb_one_cm":794,"minecraft:total_world_time":7186,"minecraft:levels_gained":3,"minecraft:swim_one_cm":2145,"minecraft:mana":70,"minecraft:fall_one_cm":1918,"minecraft:fly_one_cm":20333},"minecraft:picked_up":{"chococraft:gysahl_green":21,"minecraft:black_bed":1,"chococraft:gold_gysahl":1,"minecraft:hay_block":2,"chococraft:gysahl_green_seeds":10},"minecraft:mined":{"minecraft:hay_block":2,"minecraft:grass":1,"chococraft:gysahl_green":10,"minecraft:black_bed":1},"minecraft:used":{"minecraft:hay_block":1,"chococraft:gysahl_green_seeds":1}},"DataVersion":3465}