{"stats":{"minecraft:crafted":{"minecraft:wheat":9},"minecraft:custom":{"minecraft:interact_with_smithing_table":1,"minecraft:blood":0,"lootr:looted_stat":14,"minecraft:mob_kills":88,"minecraft:dexterity":5,"minecraft:intelligence":8,"minecraft:move_speed":-7,"minecraft:interact_with_crafting_table":1,"minecraft:damage_dealt_resisted":0,"minecraft:time_since_death":932,"minecraft:sleep_in_bed":1,"minecraft:climb_one_cm":1820,"minecraft:levels_gained":9,"minecraft:mana":144,"minecraft:time_since_rest":957,"minecraft:magic_shield":22,"minecraft:sprint_one_cm":151771,"minecraft:damage_absorbed":5311,"minecraft:damage_taken":3564,"minecraft:walk_one_cm":125999,"minecraft:damage_blocked_by_shield":90,"minecraft:drop":25,"minecraft:damage_dealt":13003,"minecraft:health":371,"minecraft:swim_one_cm":10517,"minecraft:fly_one_cm":186059,"minecraft:play_time":67186,"minecraft:deaths":6,"minecraft:walk_under_water_one_cm":8123,"minecraft:jump":783,"minecraft:energy":130,"minecraft:walk_on_water_one_cm":13267,"minecraft:strength":10,"minecraft:total_world_time":67186,"minecraft:fall_one_cm":16226},"minecraft:dropped":{"minecraft:stone_axe":2,"minecraft:wheat":9,"minecraft:cobblestone":2,"minecraft:rotten_flesh":19,"chococraft:gysahl_green_seeds":9,"minecraft:stone_slab":2,"minecraft:skeleton_spawn_egg":1,"minecraft:potato":4,"minecraft:gray_wool":1,"aquaculture:wooden_fillet_knife":1,"farmersdelight:flint_knife":2,"minecraft:mutton":4,"minecraft:wooden_axe":2,"cte_essentials:cloth_0_helmet":1,"minecraft:spider_eye":5,"domum_ornamentum:beige_bricks":1,"minecraft:arrow":6,"minecraft:bow":1,"mmorpg:jewelry/ring/iron":1,"minecraft:white_wool":2,"iceandfire:dragonbone":9},"minecraft:picked_up":{"minecraft:wooden_axe":2,"minecraft:black_bed":1,"minecraft:stone_slab":2,"mmorpg:jewelry/ring/iron":1,"doggytalents:rice_grains":4,"domum_ornamentum:beige_bricks":1,"minecraft:shield":1,"minecraft:gunpowder":4,"farmersdelight:flint_knife":5,"cte_essentials:cloth_1_helmet":2,"minecraft:dirt":80,"minecraft:string":18,"iceandfire:dragonscales_bronze":34,"minecraft:bone":17,"chococraft:gysahl_green":21,"chococraft:gold_gysahl":1,"minecraft:bow":2,"minecraft:wheat_seeds":1,"stalwart_dungeons:iron_hammer":9,"cte_essentials:cloth_0_helmet":1,"lightmanscurrency:coin_iron":60,"iceandfire:fire_dragon_flesh":3,"cte_essentials:plate_0_chestplate":3,"iceandfire:dragonbone":18,"cte_essentials:cloth_0_chestplate":1,"iceandfire:dragon_skull_fire":1,"mmorpg:stat_soul":4,"mmorpg:jewelry/necklace/iron":1,"chococraft:gysahl_green_seeds":10,"minecraft:spruce_log":3,"minecraft:trident":1,"mmorpg:skill_gems/support/int":1,"cte_essentials:leather_0_chestplate":1,"mmorpg:jewelry/ring/gold":3,"minecraft:spider_eye":5,"minecraft:skeleton_spawn_egg":1,"lightmanscurrency:coin_copper":158,"cte_essentials:cloth_0_boots":1,"mmorpg:gems/garnet/0":2,"minecraft:arrow":18,"minecraft:rotten_flesh":37,"minecraft:stone_axe":1,"lightmanscurrency:coin_gold":4,"minecraft:hay_block":2,"iceandfire:fire_dragon_heart":1,"minecraft:gray_wool":1,"supplementaries:ash":1,"supplementaries:quiver":1,"minecraft:mutton":4,"minecraft:white_wool":2,"minecraft:cobblestone":2},"minecraft:mined":{"minecraft:hay_block":2,"minecraft:spruce_log":3,"iceandfire:chared_gravel":1,"minecraft:black_bed":1,"minecraft:grass":2,"chococraft:gysahl_green":10},"minecraft:killed":{"riskofrain_mobs:lemurian_entity":1,"minecraft:spider":20,"minecraft:creeper":4,"minecraft:sheep":3,"minecraft:skeleton":16,"alexsmobs:blue_jay":2,"minecraft:zombie":38,"iceandfire:fire_dragon":1,"alexsmobs:fly":1,"minecraft:enderman":2},"minecraft:killed_by":{"minecraft:creeper":1,"minecraft:zombie":3,"minecraft:drowned":1,"iceandfire:fire_dragon":1},"minecraft:used":{"minecraft:trident":33,"stalwart_dungeons:iron_hammer":126,"minecraft:shield":2,"minecraft:iron_sword":4,"farmersdelight:flint_knife":5,"minecraft:skeleton_spawn_egg":1,"minecraft:black_bed":1,"chococraft:gysahl_green_seeds":1,"minecraft:bread":4,"minecraft:wooden_sword":4,"stalwart_dungeons:stone_hammer":62,"minecraft:hay_block":1,"cte_essentials:cloth_0_chestplate":1},"minecraft:broken":{"cte_essentials:cloth_0_boots":1,"cte_essentials:plate_0_helmet":1,"cte_essentials:plate_0_chestplate":1,"cte_essentials:cloth_0_chestplate":1,"cte_essentials:plate_0_leggings":1,"cte_essentials:cloth_1_helmet":1,"stalwart_dungeons:iron_hammer":1,"cte_essentials:plate_0_boots":1}},"DataVersion":3465}