{"stats":{"minecraft:crafted":{"minecraft:chest":1,"iceandfire:armor_bronze_chestplate":1,"minecraft:wheat":9,"minecraft:crafting_table":2,"minecraft:spruce_planks":7,"iceandfire:armor_bronze_boots":1,"minecraft:air":12,"chococraft:chocobo_saddle":1,"iceandfire:armor_bronze_leggings":1,"iceandfire:armor_bronze_helmet":1},"minecraft:custom":{"minecraft:interact_with_smithing_table":1,"minecraft:blood":0,"lootr:looted_stat":28,"minecraft:mob_kills":213,"minecraft:animals_bred":3,"minecraft:dexterity":5,"minecraft:interact_with_crafting_table":9,"minecraft:damage_dealt_resisted":0,"minecraft:leave_game":2,"minecraft:time_since_death":28894,"minecraft:climb_one_cm":2260,"minecraft:damage_resisted":0,"minecraft:mana":155,"minecraft:magic_shield":22,"minecraft:sprint_one_cm":570357,"minecraft:walk_one_cm":473612,"minecraft:damage_blocked_by_shield":360,"minecraft:drop":92,"minecraft:health":496,"minecraft:talked_to_villager":4,"minecraft:play_time":238256,"minecraft:deaths":16,"minecraft:sneak_time":326,"minecraft:walk_under_water_one_cm":14964,"minecraft:jump":3212,"minecraft:energy":150,"minecraft:walk_on_water_one_cm":33003,"minecraft:total_world_time":238256,"minecraft:intelligence":8,"minecraft:move_speed":-7,"minecraft:sleep_in_bed":1,"minecraft:levels_gained":11,"minecraft:time_since_rest":33569,"minecraft:waystone_activated":2,"minecraft:damage_taken":9884,"minecraft:damage_absorbed":13095,"minecraft:damage_dealt":27900,"minecraft:swim_one_cm":51105,"minecraft:fly_one_cm":731290,"minecraft:open_chest":4,"minecraft:crouch_one_cm":1889,"minecraft:strength":21,"minecraft:fall_one_cm":92131},"minecraft:dropped":{"minecraft:bread":3,"minecraft:wheat_seeds":3,"lightmanscurrency:coin_copper":3,"chococraft:gold_gysahl":1,"minecraft:crossbow":1,"minecraft:cobblestone":2,"iceandfire:fire_dragon_flesh":5,"chococraft:gysahl_green_seeds":12,"mutantmonsters:mutant_skeleton_shoulder_pad":1,"minecraft:chainmail_helmet":1,"minecraft:dirt":60,"minecraft:gray_wool":1,"cte_essentials:leather_1_leggings":1,"minecraft:mutton":4,"minecraft:wooden_axe":2,"minecraft:music_disc_strad":1,"stalwart_dungeons:stone_hammer":1,"minecraft:white_wool":7,"iceandfire:dragon_skull_fire":1,"iceandfire:dragonbone":9,"minecraft:gravel":1,"mmorpg:potion/resource/1":2,"minecraft:stone_axe":2,"minecraft:sweet_berries":1,"bountiful:bounty":1,"minecraft:golden_chestplate":1,"minecraft:wheat":9,"minecraft:rotten_flesh":28,"minecraft:light_gray_wool":1,"mmorpg:rare_mats/husbandry/lesser":1,"minecraft:stone_slab":2,"minecraft:skeleton_spawn_egg":1,"mmorpg:jewelry/necklace/iron":1,"mmorpg:weapon/staff/iron":3,"minecraft:potato":4,"aquaculture:wooden_fillet_knife":1,"farmersdelight:flint_knife":2,"minecraft:shield":2,"minecraft:trident":1,"minecraft:skeleton_skull":3,"mmorpg:offhand/tome/wood":2,"minecraft:iron_chestplate":2,"cte_essentials:cloth_0_helmet":1,"mmorpg:gems/garnet/0":1,"domum_ornamentum:beige_bricks":1,"minecraft:spider_eye":6,"doggytalents:rice_grains":8,"cte_essentials:cloth_0_chestplate":1,"minecraft:arrow":6,"mmorpg:jewelry/ring/iron":1,"minecraft:bow":2,"minecraft:beef":12,"iceandfire:armor_bronze_leggings":1},"minecraft:picked_up":{"minecraft:wooden_axe":2,"chococraft:loverly_gysahl_green":10,"minecraft:music_disc_strad":1,"mmorpg:gems/topaz/0":1,"mmorpg:skill_gems/aura/str":1,"minecraft:stone_slab":2,"minecraft:lead":8,"mmorpg:jewelry/ring/iron":3,"minecraft:shield":4,"cte_essentials:plate_0_helmet":1,"cte_essentials:cloth_1_helmet":2,"minecraft:string":38,"mutantmonsters:mutant_skeleton_skull":1,"minecraft:wooden_sword":4,"minecraft:spruce_planks":5,"minecraft:beef":12,"cte_essentials:cloth_0_helmet":1,"minecraft:light_gray_wool":1,"alexsmobs:raccoon_tail":1,"minecraft:egg":3,"mmorpg:skill_gems/support/dex":2,"iceandfire:dragonbone":22,"iceandfire:dragonscales_gray":27,"cte_essentials:cloth_0_chestplate":2,"cte_essentials:leather_0_leggings":1,"mmorpg:jewelry/necklace/iron":1,"minecraft:trident":2,"mmorpg:skill_gems/support/int":2,"cte_essentials:leather_0_chestplate":1,"minecraft:golden_chestplate":1,"mutantmonsters:mutant_skeleton_pelvis":1,"cte_essentials:cloth_0_boots":1,"minecraft:arrow":27,"iceandfire:cyclops_eye":1,"minecraft:rotten_flesh":70,"mmorpg:currency/affix_common_reroll":1,"minecraft:hay_block":2,"iceandfire:fire_dragon_heart":2,"mutantmonsters:mutant_skeleton_rib":1,"supplementaries:quiver":1,"supplementaries:ash":1,"mutantmonsters:mutant_skeleton_shoulder_pad":2,"minecraft:mutton":13,"minecraft:skeleton_skull":3,"minecraft:white_wool":17,"minecraft:cobblestone":2,"cte_essentials:cloth_2_leggings":1,"mmorpg:rare_mats/husbandry/lesser":1,"cte_essentials:leather_5_helmet":5,"cte_essentials:leather_1_leggings":5,"cte_essentials:leather_4_helmet":2,"minecraft:black_bed":1,"minecraft:leather":17,"doggytalents:rice_grains":15,"iceandfire:armor_bronze_leggings":1,"domum_ornamentum:beige_bricks":1,"minecraft:gunpowder":15,"farmersdelight:flint_knife":6,"mutantmonsters:mutant_skeleton_limb":8,"minecraft:dirt":91,"iceandfire:dragonscales_bronze":34,"mmorpg:potion/resource/1":2,"minecraft:leather_boots":1,"chococraft:chocobo_feather":3,"minecraft:bone":25,"chococraft:gysahl_green":210,"mmorpg:material/meat/0":1,"chococraft:gold_gysahl":3,"minecraft:bow":3,"minecraft:wheat_seeds":21,"stalwart_dungeons:iron_hammer":9,"minecraft:iron_ingot":2,"lightmanscurrency:coin_iron":152,"iceandfire:fire_dragon_flesh":10,"minecraft:book":15,"mmorpg:skill_gems/support/str":2,"cte_essentials:plate_0_chestplate":3,"mmorpg:offhand/tome/wood":3,"minecraft:sweet_berries":24,"minecraft:gravel":1,"iceandfire:dragon_skull_fire":2,"mmorpg:stat_soul":11,"chococraft:gysahl_green_seeds":76,"mmorpg:weapon/staff/wood":3,"minecraft:spruce_log":7,"mmorpg:jewelry/ring/gold":4,"minecraft:spider_eye":10,"lightmanscurrency:coin_copper":265,"minecraft:skeleton_spawn_egg":1,"mmorpg:gems/garnet/0":4,"minecraft:stone_axe":1,"mmorpg:runes/ano":1,"lightmanscurrency:coin_gold":4,"minecraft:crossbow":3,"minecraft:gray_wool":1,"minecraft:chainmail_helmet":1,"minecraft:bread":2},"minecraft:killed":{"alexsmobs:raccoon":2,"minecraft:spider":37,"minecraft:skeleton":28,"alexsmobs:blue_jay":2,"iceandfire:fire_dragon":2,"minecraft:chicken":1,"iceandfire:cyclops":2,"minecraft:zombie_villager":1,"riskofrain_mobs:lemurian_entity":2,"mutantmonsters:mutant_skeleton":1,"minecraft:creeper":13,"minecraft:sheep":14,"alexsmobs:gelada_monkey":20,"minecraft:zombie":70,"iceandfire:ice_dragon":1,"alexsmobs:fly":1,"mutantmonsters:mutant_zombie":1,"chococraft:chocobo":1,"minecraft:enderman":2,"minecraft:cow":8},"minecraft:mined":{"minecraft:spruce_planks":5,"minecraft:spruce_leaves":3,"minecraft:hay_block":2,"minecraft:large_fern":2,"iceandfire:chared_gravel":1,"minecraft:bookshelf":5,"chococraft:gysahl_green":79,"minecraft:tall_grass":34,"minecraft:sweet_berry_bush":14,"minecraft:spruce_log":7,"minecraft:black_bed":1,"minecraft:grass":70,"minecraft:oak_log":2,"minecraft:oak_leaves":1,"minecraft:fern":7},"minecraft:killed_by":{"riskofrain_mobs:stone_golem_entity":1,"iceandfire:cyclops":1,"minecraft:creeper":3,"minecraft:drowned":1,"iceandfire:ice_dragon":2,"mutantmonsters:mutant_skeleton":1,"minecraft:zombie":4,"iceandfire:fire_dragon":2},"minecraft:used":{"minecraft:trident":157,"stalwart_dungeons:iron_hammer":251,"minecraft:chest":1,"minecraft:spruce_planks":5,"minecraft:shield":3,"minecraft:iron_sword":32,"minecraft:zombie_spawn_egg":1,"farmersdelight:flint_knife":5,"minecraft:skeleton_spawn_egg":1,"minecraft:iron_helmet":1,"minecraft:bow":7,"minecraft:hay_block":1,"minecraft:sweet_berries":16,"minecraft:egg":3,"stalwart_dungeons:wooden_hammer":30,"minecraft:lead":1,"minecraft:chainmail_helmet":1,"minecraft:white_wool":3,"minecraft:crafting_table":2,"minecraft:black_bed":1,"mutantmonsters:mutant_skeleton_skull":1,"chococraft:gysahl_green_seeds":49,"minecraft:bread":13,"stalwart_dungeons:stone_hammer":62,"minecraft:wooden_sword":20,"chococraft:gysahl_green":17,"cte_essentials:cloth_0_chestplate":1},"minecraft:broken":{"cte_essentials:cloth_0_boots":1,"cte_essentials:plate_0_helmet":2,"cte_essentials:cloth_0_chestplate":1,"cte_essentials:plate_0_leggings":2,"iceandfire:armor_bronze_boots":1,"stalwart_dungeons:wooden_hammer":1,"cte_essentials:plate_0_chestplate":1,"cte_essentials:leather_0_boots":1,"stalwart_dungeons:iron_hammer":2,"cte_essentials:cloth_1_helmet":1,"cte_essentials:plate_0_boots":1}},"DataVersion":3465}