{"stats":{"minecraft:crafted":{"iceandfire:armor_bronze_boots":1,"iceandfire:armor_bronze_chestplate":1,"iceandfire:armor_bronze_leggings":1,"iceandfire:armor_bronze_helmet":1,"minecraft:wheat":9},"minecraft:custom":{"minecraft:interact_with_smithing_table":1,"minecraft:blood":0,"lootr:looted_stat":18,"minecraft:mob_kills":117,"minecraft:dexterity":5,"minecraft:intelligence":8,"minecraft:move_speed":-7,"minecraft:interact_with_crafting_table":3,"minecraft:damage_dealt_resisted":0,"minecraft:time_since_death":18041,"minecraft:sleep_in_bed":1,"minecraft:climb_one_cm":1820,"minecraft:levels_gained":10,"minecraft:mana":144,"minecraft:time_since_rest":18067,"minecraft:magic_shield":23,"minecraft:sprint_one_cm":213607,"minecraft:damage_absorbed":8575,"minecraft:damage_taken":5068,"minecraft:walk_one_cm":187905,"minecraft:damage_blocked_by_shield":360,"minecraft:drop":38,"minecraft:damage_dealt":17823,"minecraft:health":471,"minecraft:swim_one_cm":13128,"minecraft:talked_to_villager":3,"minecraft:fly_one_cm":288436,"minecraft:play_time":91186,"minecraft:deaths":8,"minecraft:walk_under_water_one_cm":8330,"minecraft:jump":1109,"minecraft:energy":140,"minecraft:walk_on_water_one_cm":14137,"minecraft:strength":20,"minecraft:total_world_time":91186,"minecraft:fall_one_cm":26800},"minecraft:dropped":{"minecraft:bread":1,"minecraft:stone_axe":2,"minecraft:wheat_seeds":1,"chococraft:gold_gysahl":1,"minecraft:wheat":9,"minecraft:cobblestone":2,"minecraft:rotten_flesh":20,"chococraft:gysahl_green_seeds":9,"minecraft:stone_slab":2,"minecraft:skeleton_spawn_egg":1,"mmorpg:jewelry/necklace/iron":1,"minecraft:chainmail_helmet":1,"mmorpg:weapon/staff/iron":3,"minecraft:dirt":60,"minecraft:potato":4,"minecraft:gray_wool":1,"aquaculture:wooden_fillet_knife":1,"farmersdelight:flint_knife":2,"mmorpg:offhand/tome/wood":2,"minecraft:mutton":4,"minecraft:wooden_axe":2,"cte_essentials:cloth_0_helmet":1,"minecraft:spider_eye":5,"domum_ornamentum:beige_bricks":1,"minecraft:arrow":6,"minecraft:bow":1,"mmorpg:jewelry/ring/iron":1,"stalwart_dungeons:stone_hammer":1,"minecraft:white_wool":2,"iceandfire:dragonbone":9},"minecraft:picked_up":{"minecraft:wooden_axe":2,"minecraft:music_disc_strad":1,"cte_essentials:leather_1_leggings":3,"minecraft:black_bed":1,"minecraft:stone_slab":2,"mmorpg:jewelry/ring/iron":2,"doggytalents:rice_grains":4,"domum_ornamentum:beige_bricks":1,"minecraft:shield":1,"minecraft:gunpowder":10,"farmersdelight:flint_knife":6,"cte_essentials:cloth_1_helmet":2,"minecraft:dirt":89,"minecraft:string":20,"iceandfire:dragonscales_bronze":34,"minecraft:wooden_sword":2,"minecraft:bone":23,"chococraft:gysahl_green":22,"chococraft:gold_gysahl":1,"minecraft:bow":2,"minecraft:wheat_seeds":5,"stalwart_dungeons:iron_hammer":9,"minecraft:iron_ingot":1,"cte_essentials:cloth_0_helmet":1,"alexsmobs:raccoon_tail":1,"lightmanscurrency:coin_iron":112,"iceandfire:fire_dragon_flesh":3,"mmorpg:offhand/tome/wood":2,"cte_essentials:plate_0_chestplate":3,"iceandfire:dragonbone":18,"cte_essentials:cloth_0_chestplate":1,"iceandfire:dragon_skull_fire":1,"mmorpg:stat_soul":7,"mmorpg:weapon/staff/wood":1,"mmorpg:jewelry/necklace/iron":1,"chococraft:gysahl_green_seeds":10,"minecraft:spruce_log":3,"minecraft:trident":1,"mmorpg:skill_gems/support/int":1,"cte_essentials:leather_0_chestplate":1,"mmorpg:jewelry/ring/gold":4,"minecraft:spider_eye":6,"minecraft:skeleton_spawn_egg":1,"lightmanscurrency:coin_copper":179,"cte_essentials:cloth_0_boots":1,"mmorpg:gems/garnet/0":2,"minecraft:arrow":23,"minecraft:rotten_flesh":44,"minecraft:stone_axe":1,"mmorpg:runes/ano":1,"lightmanscurrency:coin_gold":4,"minecraft:hay_block":2,"iceandfire:fire_dragon_heart":1,"minecraft:gray_wool":1,"minecraft:chainmail_helmet":1,"supplementaries:ash":1,"supplementaries:quiver":1,"minecraft:mutton":4,"minecraft:white_wool":2,"minecraft:cobblestone":2},"minecraft:mined":{"minecraft:hay_block":2,"minecraft:spruce_log":3,"iceandfire:chared_gravel":1,"minecraft:black_bed":1,"minecraft:grass":2,"chococraft:gysahl_green":10},"minecraft:killed":{"riskofrain_mobs:lemurian_entity":1,"alexsmobs:raccoon":2,"minecraft:spider":26,"minecraft:creeper":7,"minecraft:sheep":3,"minecraft:skeleton":22,"alexsmobs:blue_jay":2,"minecraft:zombie":48,"iceandfire:fire_dragon":1,"alexsmobs:fly":1,"mutantmonsters:mutant_zombie":1,"minecraft:enderman":2},"minecraft:killed_by":{"riskofrain_mobs:stone_golem_entity":1,"minecraft:creeper":2,"minecraft:zombie":3,"minecraft:drowned":1,"iceandfire:fire_dragon":1},"minecraft:used":{"minecraft:trident":89,"stalwart_dungeons:iron_hammer":126,"stalwart_dungeons:wooden_hammer":9,"minecraft:shield":3,"minecraft:chainmail_helmet":1,"minecraft:iron_sword":4,"farmersdelight:flint_knife":5,"minecraft:skeleton_spawn_egg":1,"minecraft:black_bed":1,"chococraft:gysahl_green_seeds":1,"minecraft:bread":8,"minecraft:iron_helmet":1,"minecraft:wooden_sword":20,"stalwart_dungeons:stone_hammer":62,"minecraft:hay_block":1,"cte_essentials:cloth_0_chestplate":1},"minecraft:broken":{"cte_essentials:cloth_0_boots":1,"cte_essentials:plate_0_helmet":1,"cte_essentials:plate_0_chestplate":1,"cte_essentials:cloth_0_chestplate":1,"cte_essentials:leather_0_boots":1,"cte_essentials:plate_0_leggings":1,"cte_essentials:cloth_1_helmet":1,"stalwart_dungeons:iron_hammer":1,"cte_essentials:plate_0_boots":1}},"DataVersion":3465}