{"stats":{"minecraft:picked_up":{"minecraft:wooden_axe":2,"chococraft:loverly_gysahl_green":28,"minecraft:music_disc_strad":1,"mmorpg:material/farming/0":1,"mmorpg:gems/sapphire/0":1,"minecraft:chainmail_boots":1,"minecraft:yellow_wool":1,"minecraft:stone_slab":2,"minecraft:lead":9,"minecraft:golden_sword":1,"cte_essentials:plate_0_helmet":2,"mmorpg:skill_gems/aura/dex":1,"cte_essentials:cloth_1_helmet":2,"minecraft:string":46,"mutantmonsters:mutant_skeleton_skull":1,"minecraft:zombie_head":1,"minecraft:gold_nugget":1,"minecraft:cobbled_deepslate":30,"minecraft:spruce_planks":5,"alexsmobs:raccoon_tail":1,"mmorpg:gems/emerald/1":1,"minecraft:torch":95,"minecraft:golden_axe":2,"mmorpg:jewelry/necklace/iron":3,"minecraft:cherry_log":18,"mmorpg:gems/opal/1":1,"cte_essentials:plate_0_leggings":2,"minecraft:golden_chestplate":2,"mutantmonsters:mutant_skeleton_pelvis":1,"cte_essentials:cloth_0_boots":1,"minecraft:rotten_flesh":100,"supplementaries:antique_ink":1,"iceandfire:fire_dragon_heart":2,"supplementaries:ash":63,"supplementaries:quiver":1,"mutantmonsters:mutant_skeleton_shoulder_pad":2,"minecraft:blaze_powder":3,"minecraft:cobblestone":32,"minecraft:birch_log":5,"minecraft:magma_block":10,"minecraft:magma_cream":5,"cte_essentials:leather_1_leggings":5,"cte_essentials:leather_5_helmet":6,"cte_essentials:leather_0_helmet":1,"minecraft:black_bed":1,"minecraft:flint":1,"create:raw_zinc":2,"supplementaries:flax_seeds":4,"minecraft:dirt":92,"iceandfire:dragonscales_bronze":34,"mmorpg:potion/resource/1":2,"minecraft:leather_boots":1,"minecraft:bone":81,"mmorpg:material/meat/0":1,"minecraft:bow":6,"minecraft:wheat_seeds":25,"stalwart_dungeons:iron_hammer":10,"mmorpg:gems/ruby/1":1,"minecraft:glowstone_dust":1,"minecraft:diamond_helmet":1,"minecraft:moss_block":1,"mmorpg:skill_gems/support/str":2,"cte_essentials:plate_0_chestplate":3,"mmorpg:offhand/tome/wood":3,"cte_essentials:leather_0_boots":1,"iceandfire:dragon_skull_fire":2,"minecraft:sand":2,"mmorpg:jewelry/ring/gold":4,"minecraft:spectral_arrow":3,"minecraft:skeleton_spawn_egg":1,"mmorpg:gems/garnet/0":4,"minecraft:diamond":16,"minecraft:deepslate":8,"minecraft:crossbow":4,"minecraft:chainmail_helmet":1,"minecraft:bread":2,"minecraft:emerald":20,"mmorpg:skill_gems/aura/int":1,"minecraft:netherrack":24,"iceandfire:silver_nugget":8,"sophisticatedbackpacks:gold_backpack":1,"mmorpg:gems/topaz/1":1,"mmorpg:gems/topaz/0":1,"mmorpg:skill_gems/aura/str":2,"mmorpg:jewelry/ring/iron":3,"sophisticatedstorage:basic_to_iron_tier_upgrade":2,"minecraft:shield":4,"cte_essentials:cloth_0_leggings":1,"minecraft:wooden_sword":4,"minecraft:iron_axe":1,"minecraft:blackstone":2,"minecraft:beef":12,"cte_essentials:cloth_0_helmet":1,"minecraft:iron_nugget":40,"minecraft:light_gray_wool":1,"cte_essentials:plate_1_helmet":1,"minecraft:birch_sapling":2,"globalxp:xp_block":1,"minecraft:egg":3,"mmorpg:skill_gems/support/dex":3,"iceandfire:dragonbone":22,"iceandfire:dragonscales_gray":27,"cte_essentials:cloth_0_chestplate":2,"cte_essentials:leather_0_leggings":1,"minecraft:trident":5,"mmorpg:skill_gems/support/int":4,"cte_essentials:leather_0_chestplate":2,"minecraft:arrow":60,"iceandfire:cyclops_eye":1,"mmorpg:runes/cen":1,"mmorpg:currency/affix_common_reroll":1,"minecraft:hay_block":2,"mutantmonsters:mutant_skeleton_rib":1,"minecraft:mutton":13,"minecraft:skeleton_skull":3,"minecraft:white_wool":17,"cte_essentials:cloth_2_leggings":1,"mmorpg:rare_mats/husbandry/lesser":2,"minecraft:glow_ink_sac":10,"cte_essentials:leather_4_helmet":4,"minecraft:leather":17,"doggytalents:rice_grains":20,"iceandfire:armor_bronze_leggings":1,"domum_ornamentum:beige_bricks":1,"minecraft:gunpowder":23,"farmersdelight:flint_knife":7,"mutantmonsters:mutant_skeleton_limb":8,"chococraft:chocobo_feather":8,"chococraft:gysahl_green":500,"chococraft:gold_gysahl":11,"iceandfire:armor_silver_metal_helmet":1,"minecraft:iron_ingot":3,"mmorpg:rare_mats/farming/lesser":3,"lightmanscurrency:coin_iron":179,"iceandfire:fire_dragon_flesh":10,"minecraft:book":51,"minecraft:sweet_berries":24,"minecraft:dandelion":2,"minecraft:gravel":1,"mmorpg:stat_soul":16,"chococraft:gysahl_green_seeds":186,"mmorpg:weapon/staff/wood":5,"minecraft:spruce_log":14,"mmorpg:weapon/staff/iron":1,"minecraft:spider_eye":14,"lightmanscurrency:coin_copper":343,"minecraft:purple_bed":1,"minecraft:stone_axe":1,"mmorpg:runes/ano":1,"lightmanscurrency:coin_gold":4,"minecraft:gray_wool":1,"minecraft:warped_roots":4,"minecraft:ender_pearl":1},"minecraft:used":{"stalwart_dungeons:iron_hammer":377,"minecraft:chest":4,"minecraft:shield":3,"minecraft:iron_sword":59,"minecraft:zombie_spawn_egg":1,"minecraft:skeleton_spawn_egg":1,"minecraft:iron_helmet":1,"minecolonies:scepterguard":12,"minecraft:bow":7,"minecraft:hay_block":1,"minecraft:sweet_berries":16,"minecraft:egg":3,"stalwart_dungeons:wooden_hammer":30,"minecraft:blackstone":2,"minecraft:chainmail_helmet":1,"minecraft:white_wool":3,"minecraft:sand":1,"minecraft:black_bed":1,"mutantmonsters:mutant_skeleton_skull":1,"minecraft:bread":15,"sophisticatedstorage:basic_to_iron_tier_upgrade":1,"minecraft:deepslate":1,"minecraft:golden_helmet":1,"minecraft:wooden_sword":20,"globalxp:xp_block":1,"chococraft:gysahl_green":117,"minecraft:trident":427,"minecraft:spruce_planks":21,"minecraft:torch":95,"minecraft:dirt":6,"farmersdelight:flint_knife":5,"minecraft:iron_axe":18,"cte_essentials:plate_0_leggings":1,"minecraft:cobbled_deepslate":29,"minecraft:lead":1,"minecraft:crafting_table":2,"chococraft:gysahl_green_seeds":107,"minecraft:iron_pickaxe":103,"stalwart_dungeons:stone_hammer":62,"minecraft:purple_bed":1,"cte_essentials:cloth_0_chestplate":1},"minecraft:custom":{"minecraft:blood":0,"lootr:looted_stat":70,"minecraft:animals_bred":7,"minecraft:dexterity":5,"minecraft:interact_with_crafting_table":23,"minecraft:leave_game":6,"minecraft:time_since_death":17924,"minecraft:damage_resisted":0,"minecraft:sprint_one_cm":1261793,"minecraft:damage_blocked_by_shield":360,"minecraft:drop":150,"minecraft:health":615,"minecraft:talked_to_villager":4,"minecraft:play_time":450806,"minecraft:deaths":27,"minecraft:jump":6920,"minecraft:energy":190,"minecraft:walk_on_water_one_cm":44987,"minecraft:intelligence":8,"minecraft:sleep_in_bed":4,"minecraft:levels_gained":15,"minecraft:waystone_activated":4,"minecraft:damage_dealt":44963,"minecraft:crouch_one_cm":7005,"minecraft:interact_with_smithing_table":1,"minecraft:mob_kills":458,"minecraft:damage_dealt_resisted":0,"minecraft:climb_one_cm":6632,"minecraft:mana":196,"minecraft:magic_shield":22,"minecraft:walk_one_cm":911684,"minecraft:damage_dealt_absorbed":84,"minecraft:sneak_time":1681,"minecraft:walk_under_water_one_cm":15398,"minecraft:total_world_time":450806,"minecraft:move_speed":-7,"minecraft:time_since_rest":17967,"minecraft:damage_absorbed":29306,"minecraft:damage_taken":21452,"minecraft:swim_one_cm":70967,"minecraft:fly_one_cm":1447242,"minecraft:open_chest":26,"minecraft:strength":23,"minecraft:fall_one_cm":207596},"minecraft:crafted":{"minecraft:chest":4,"minecraft:wooden_shovel":1,"minecraft:crafting_table":2,"minecraft:spruce_planks":14,"minecraft:birch_planks":11,"minecraft:wooden_hoe":1,"minecraft:stick":16,"minecraft:iron_pickaxe":1,"iceandfire:armor_bronze_helmet":1,"minecraft:cherry_planks":16,"minecraft:iron_axe":1,"iceandfire:armor_bronze_chestplate":1,"minecraft:wheat":9,"iceandfire:armor_bronze_boots":1,"minecraft:air":52,"minecraft:wooden_axe":1,"minecraft:iron_shovel":1,"chococraft:chocobo_saddle":3,"iceandfire:armor_bronze_leggings":1},"minecraft:killed_by":{"riskofrain_mobs:stone_golem_entity":1,"iceandfire:cyclops":1,"minecraft:piglin_brute":2,"minecraft:creeper":7,"minecraft:drowned":1,"minecraft:piglin":1,"iceandfire:ice_dragon":4,"minecraft:zombie":4,"iceandfire:fire_dragon":2,"monsterplus:glow_skeleton":1,"mutantmonsters:mutant_skeleton":1},"minecraft:broken":{"cte_essentials:cloth_0_boots":1,"minecraft:diamond_helmet":1,"cte_essentials:plate_0_helmet":2,"cte_essentials:cloth_0_chestplate":1,"iceandfire:armor_bronze_boots":1,"minecraft:chainmail_boots":1,"cte_essentials:plate_0_chestplate":1,"stalwart_dungeons:iron_hammer":3,"cte_essentials:cloth_1_helmet":1,"minecraft:golden_chestplate":1,"minecraft:trident":1,"cte_essentials:plate_0_leggings":3,"stalwart_dungeons:wooden_hammer":1,"cte_essentials:leather_0_boots":1,"cte_essentials:plate_0_boots":2},"minecraft:mined":{"create:deepslate_zinc_ore":2,"minecraft:spruce_planks":5,"minecraft:cherry_log":18,"minecraft:fire":8,"minecraft:cobbled_deepslate":1,"minecraft:azure_bluet":1,"chococraft:gysahl_green":194,"minecraft:torch":1,"minecraft:warped_nylium":7,"minecraft:birch_log":5,"minecraft:black_bed":1,"minecraft:grass":101,"minecraft:oak_log":2,"minecraft:sand":2,"minecraft:dirt":2,"minecraft:netherrack":17,"minecraft:oak_leaves":1,"minecraft:deepslate":32,"minecraft:deepslate_diamond_ore":11,"minecraft:spruce_leaves":3,"minecraft:moss_block":1,"minecraft:large_fern":3,"minecraft:hay_block":2,"iceandfire:chared_gravel":1,"minecraft:bookshelf":17,"minecraft:stone":31,"minecraft:glass_pane":4,"minecraft:dandelion":2,"minecraft:warped_roots":1,"minecraft:tall_grass":39,"supplementaries:urn":37,"minecraft:sweet_berry_bush":14,"minecraft:spruce_log":14,"minecraft:birch_leaves":6,"minecraft:gravel":1,"minecraft:fern":8},"minecraft:dropped":{"minecraft:moss_block":1,"lightmanscurrency:coin_copper":6,"minecraft:crossbow":1,"iceandfire:fire_dragon_flesh":5,"mutantmonsters:mutant_skeleton_shoulder_pad":1,"minecraft:dirt":69,"minecraft:mutton":4,"iceandfire:armor_silver_metal_helmet":1,"minecraft:white_wool":7,"cte_essentials:leather_4_helmet":1,"minecraft:gravel":1,"mmorpg:rare_mats/farming/lesser":3,"minecraft:stone_axe":2,"bountiful:bounty":1,"cte_essentials:cloth_2_leggings":1,"minecraft:golden_chestplate":1,"minecraft:cobbled_deepslate":1,"minecraft:wheat":9,"minecraft:birch_sapling":1,"minecraft:yellow_wool":1,"minecraft:rotten_flesh":37,"minecraft:glowstone_dust":1,"supplementaries:antique_ink":1,"mmorpg:weapon/staff/iron":3,"supplementaries:ash":45,"aquaculture:wooden_fillet_knife":1,"minecraft:trident":1,"minecraft:gunpowder":7,"minecraft:skeleton_skull":3,"cte_essentials:cloth_0_helmet":1,"mmorpg:gems/garnet/0":1,"doggytalents:rice_grains":8,"domum_ornamentum:beige_bricks":1,"minecraft:arrow":6,"minecraft:beef":12,"iceandfire:armor_bronze_leggings":1,"minecraft:bread":3,"minecraft:wheat_seeds":4,"chococraft:gold_gysahl":1,"minecraft:cobblestone":2,"minecraft:spectral_arrow":3,"chococraft:gysahl_green_seeds":15,"minecraft:chainmail_helmet":1,"mmorpg:weapon/staff/wood":1,"minecraft:stick":4,"mmorpg:jewelry/ring/gold":1,"minecraft:gray_wool":1,"cte_essentials:leather_1_leggings":1,"minecraft:wooden_axe":3,"mmorpg:rare_mats/husbandry/medium":1,"minecraft:music_disc_strad":1,"stalwart_dungeons:stone_hammer":1,"iceandfire:dragon_skull_fire":1,"minecraft:dandelion":2,"iceandfire:dragonbone":9,"cte_essentials:leather_5_helmet":1,"iceandfire:silver_nugget":8,"mmorpg:potion/resource/1":2,"minecraft:sweet_berries":1,"minecraft:deepslate":6,"minecraft:light_gray_wool":1,"mmorpg:rare_mats/husbandry/lesser":1,"minecraft:stone_slab":2,"minecraft:skeleton_spawn_egg":1,"mmorpg:jewelry/necklace/iron":1,"minecraft:potato":4,"minecraft:shield":4,"farmersdelight:flint_knife":2,"minecraft:iron_chestplate":2,"mmorpg:offhand/tome/wood":3,"minecraft:spider_eye":7,"cte_essentials:cloth_0_chestplate":2,"lightmanscurrency:coin_iron":2,"minecraft:bow":3,"mmorpg:jewelry/ring/iron":1,"chococraft:gysahl_green":81,"cte_essentials:cloth_0_leggings":1},"minecraft:killed":{"minecraft:zombified_piglin":27,"monsterplus:mother_lava_squid":2,"minecraft:spider":47,"monsterplus:crystal_zombie":18,"minecraft:skeleton":51,"monsterplus:glow_skeleton":16,"minecraft:chicken":1,"minecraft:piglin_brute":14,"minecraft:magma_cube":32,"minecraft:piglin":12,"minecraft:pig":1,"minecraft:zombie_villager":2,"riskofrain_mobs:lemurian_entity":11,"minecolonies:mercenary":4,"mutantmonsters:mutant_skeleton":1,"minecraft:creeper":26,"minecraft:sheep":14,"minecraft:zombie":104,"alexsmobs:fly":1,"monsterplus:lava_squid":2,"minecraft:cow":8,"chococraft:chocobo":2,"alexsmobs:raccoon":2,"alexsmobs:seagull":2,"alexsmobs:blue_jay":2,"iceandfire:fire_dragon":2,"realmrpg_wyrms:red_wyrm":5,"iceandfire:cyclops":2,"minecraft:bat":2,"alexsmobs:gelada_monkey":21,"iceandfire:ice_dragon":1,"mutantmonsters:mutant_zombie":1,"minecraft:enderman":4}},"DataVersion":3465}