{"stats":{"minecraft:crafted":{"minecraft:wheat":9},"minecraft:custom":{"minecraft:time_since_rest":9722,"minecraft:blood":0,"minecraft:magic_shield":25,"lootr:looted_stat":1,"minecraft:sprint_one_cm":69328,"minecraft:walk_one_cm":59275,"minecraft:damage_taken":1369,"minecraft:damage_absorbed":1130,"minecraft:mob_kills":25,"minecraft:drop":6,"minecraft:dexterity":0,"minecraft:intelligence":1,"minecraft:damage_dealt":4549,"minecraft:health":175,"minecraft:move_speed":-7,"minecraft:swim_one_cm":3242,"minecraft:fly_one_cm":67510,"minecraft:play_time":31186,"minecraft:deaths":2,"minecraft:walk_under_water_one_cm":723,"minecraft:jump":344,"minecraft:damage_dealt_resisted":0,"minecraft:energy":90,"minecraft:time_since_death":9690,"minecraft:walk_on_water_one_cm":1149,"minecraft:strength":1,"minecraft:sleep_in_bed":1,"minecraft:total_world_time":31186,"minecraft:climb_one_cm":1378,"minecraft:levels_gained":5,"minecraft:fall_one_cm":6343,"minecraft:mana":95},"minecraft:dropped":{"minecraft:gray_wool":1,"minecraft:cobblestone":2,"minecraft:spider_eye":1,"domum_ornamentum:beige_bricks":1,"mmorpg:jewelry/ring/iron":1,"minecraft:stone_slab":2},"minecraft:picked_up":{"minecraft:black_bed":1,"minecraft:stone_slab":2,"mmorpg:jewelry/ring/iron":1,"doggytalents:rice_grains":2,"mmorpg:stat_soul":3,"domum_ornamentum:beige_bricks":1,"chococraft:gysahl_green_seeds":10,"minecraft:spruce_log":3,"minecraft:spider_eye":1,"cte_essentials:cloth_1_helmet":2,"farmersdelight:flint_knife":3,"minecraft:string":5,"minecraft:dirt":5,"cte_essentials:cloth_0_boots":1,"lightmanscurrency:coin_copper":41,"mmorpg:gems/garnet/0":1,"minecraft:arrow":5,"minecraft:bone":4,"minecraft:rotten_flesh":10,"chococraft:gysahl_green":21,"chococraft:gold_gysahl":1,"minecraft:stone_axe":1,"stalwart_dungeons:iron_hammer":9,"minecraft:hay_block":2,"cte_essentials:cloth_0_helmet":1,"minecraft:gray_wool":1,"supplementaries:quiver":1,"lightmanscurrency:coin_iron":10,"minecraft:mutton":4,"minecraft:white_wool":2,"minecraft:cobblestone":2},"minecraft:killed":{"minecraft:sheep":3,"minecraft:skeleton":4,"alexsmobs:blue_jay":2,"minecraft:zombie":8,"minecraft:spider":7,"minecraft:enderman":1},"minecraft:mined":{"minecraft:hay_block":2,"minecraft:spruce_log":3,"minecraft:black_bed":1,"minecraft:grass":1,"chococraft:gysahl_green":10},"minecraft:killed_by":{"minecraft:zombie":2},"minecraft:used":{"stalwart_dungeons:iron_hammer":61,"chococraft:gysahl_green_seeds":1,"minecraft:bread":2,"stalwart_dungeons:stone_hammer":18,"minecraft:hay_block":1,"minecraft:black_bed":1}},"DataVersion":3465}