{"stats":{"minecraft:used":{"minecraft:nether_brick_fence":2,"stalwart_dungeons:iron_hammer":377,"minecraft:chest":4,"minecraft:shield":3,"minecraft:iron_sword":59,"minecraft:zombie_spawn_egg":1,"minecraft:skeleton_spawn_egg":1,"minecraft:nether_bricks":4,"minecraft:cyan_terracotta":24,"minecraft:iron_helmet":1,"minecolonies:scepterguard":12,"minecraft:golden_sword":4,"minecraft:bow":7,"minecraft:hay_block":1,"minecraft:sweet_berries":35,"minecraft:oak_sapling":1,"minecraft:egg":3,"minecraft:golden_boots":1,"stalwart_dungeons:wooden_hammer":30,"minecraft:oak_planks":129,"minecraft:blackstone":4,"minecraft:chainmail_helmet":1,"minecraft:blue_bed":1,"minecraft:white_wool":3,"minecraft:golden_apple":1,"minecraft:sand":1,"minecraft:black_bed":1,"mutantmonsters:mutant_skeleton_skull":1,"minecraft:birch_fence":15,"minecraft:bread":17,"minecraft:string":1,"sophisticatedstorage:basic_to_iron_tier_upgrade":1,"minecraft:deepslate":1,"minecraft:golden_helmet":1,"minecraft:diamond_sword":20,"minecraft:wooden_sword":20,"globalxp:xp_block":1,"chococraft:gysahl_green":162,"minecraft:coarse_dirt":3,"minecraft:trident":636,"minecraft:spruce_planks":21,"minecraft:netherrack":823,"minecraft:torch":95,"minecraft:dirt":74,"farmersdelight:flint_knife":5,"minecraft:spruce_fence":51,"minecraft:nether_brick_stairs":2,"minecraft:iron_axe":120,"minecraft:cherry_fence_gate":2,"minecraft:smooth_basalt":1,"minecraft:basalt":28,"cte_essentials:plate_0_leggings":1,"minecraft:cobbled_deepslate":29,"minecraft:golden_axe":2,"minecraft:cobblestone_stairs":1,"minecraft:lead":1,"minecraft:red_nether_bricks":16,"minecraft:cherry_planks":4,"minecraft:crafting_table":2,"minecraft:diamond_pickaxe":1079,"chococraft:gysahl_green_seeds":182,"minecraft:iron_pickaxe":103,"stalwart_dungeons:stone_hammer":62,"minecraft:cobblestone":34,"minecraft:potion":1,"minecraft:purple_bed":1,"cte_essentials:cloth_0_chestplate":1},"minecraft:mined":{"create:deepslate_zinc_ore":2,"minecraft:spruce_planks":5,"minecraft:cherry_log":18,"minecraft:red_nether_bricks":3,"minecraft:grass_block":25,"minecraft:polished_blackstone_bricks":1,"minecraft:magma_block":21,"minecraft:cobbled_deepslate":1,"minecraft:fire":108,"minecraft:azure_bluet":1,"minecraft:nether_brick_stairs":2,"minecraft:twisting_vines":1,"chococraft:gysahl_green":196,"minecraft:dirt_path":2,"minecraft:black_candle":1,"minecraft:tripwire":1,"minecraft:cyan_terracotta":35,"minecraft:blackstone":3,"iceandfire:dragon_ice_spikes":29,"minecraft:torch":1,"minecraft:cobblestone":1,"minecraft:oak_planks":1,"minecraft:warped_nylium":232,"minecraft:birch_log":10,"minecraft:black_bed":1,"minecraft:warped_fungus":1,"minecraft:grass":119,"minecraft:oak_log":34,"minecraft:sand":2,"minecraft:dirt":24,"naturesaura:nether_grass":8,"minecraft:smooth_basalt":1,"minecraft:netherrack":660,"minecraft:oak_leaves":43,"minecraft:deepslate":32,"minecraft:deepslate_diamond_ore":11,"minecraft:nether_bricks":5,"minecraft:spruce_fence":9,"minecraft:spruce_leaves":12,"minecraft:moss_block":1,"minecraft:large_fern":8,"minecraft:hay_block":2,"minecraft:nether_sprouts":3,"iceandfire:chared_gravel":1,"minecraft:gold_block":3,"minecraft:nether_brick_fence":3,"minecraft:bookshelf":17,"minecraft:stone":35,"minecraft:cherry_fence_gate":1,"minecraft:bone_block":41,"minecraft:redstone_wall_torch":1,"minecraft:gray_concrete":2,"minecraft:glass_pane":4,"minecraft:basalt":29,"minecraft:dandelion":2,"minecraft:warped_roots":20,"minecraft:tall_grass":50,"minecraft:polished_blackstone_brick_stairs":2,"minecraft:blue_bed":1,"supplementaries:urn":37,"minecraft:coarse_dirt":4,"minecraft:sweet_berry_bush":21,"minecraft:spruce_log":38,"minecraft:birch_leaves":10,"minecraft:gravel":1,"minecraft:cobweb":19,"minecraft:birch_fence":2,"minecraft:fern":9},"minecraft:killed":{"minecraft:zombified_piglin":30,"monsterplus:mother_lava_squid":2,"minecraft:spider":47,"monsterplus:crystal_zombie":18,"minecraft:skeleton":51,"monsterplus:glow_skeleton":16,"minecraft:chicken":1,"minecraft:piglin_brute":15,"minecraft:magma_cube":190,"minecraft:piglin":19,"minecraft:pig":1,"minecraft:zombie_villager":2,"riskofrain_mobs:lemurian_entity":33,"minecolonies:mercenary":4,"mutantmonsters:mutant_skeleton":1,"minecraft:creeper":26,"minecraft:sheep":14,"minecraft:zombie":105,"minecraft:ghast":3,"alexsmobs:fly":2,"monsterplus:lava_squid":5,"minecraft:cow":8,"minecraft:blaze":8,"chococraft:chocobo":2,"alexsmobs:bone_serpent":2,"alexsmobs:raccoon":2,"illagerinvasion:marauder":3,"alexsmobs:seagull":2,"alexsmobs:blue_jay":3,"iceandfire:fire_dragon":2,"realmrpg_wyrms:red_wyrm":6,"iceandfire:cyclops":2,"minecraft:bat":2,"friendsandfoes:wildfire":1,"mutantmonsters:mutant_enderman":1,"alexsmobs:gelada_monkey":21,"iceandfire:ice_dragon":1,"mutantmonsters:mutant_zombie":1,"minecraft:enderman":6},"minecraft:dropped":{"minecraft:moss_block":1,"chococraft:loverly_gysahl_green":1,"mmorpg:stone/0":2,"lightmanscurrency:coin_copper":22,"minecraft:crossbow":1,"minecraft:warped_roots":1,"iceandfire:fire_dragon_flesh":5,"mutantmonsters:mutant_skeleton_shoulder_pad":1,"minecraft:dirt":69,"minecraft:mutton":4,"mmorpg:material/meat/0":3,"iceandfire:armor_silver_metal_helmet":1,"minecraft:white_wool":7,"cte_essentials:leather_4_helmet":1,"minecraft:gravel":1,"mmorpg:rare_mats/farming/lesser":12,"minecraft:stone_axe":2,"bountiful:bounty":1,"cte_essentials:cloth_2_leggings":1,"minecraft:golden_chestplate":1,"minecraft:cobbled_deepslate":1,"minecraft:wheat":9,"minecraft:yellow_wool":1,"minecraft:birch_sapling":1,"minecraft:rotten_flesh":39,"minecraft:glowstone_dust":1,"supplementaries:antique_ink":1,"mmorpg:weapon/staff/iron":3,"supplementaries:ash":49,"aquaculture:wooden_fillet_knife":1,"minecraft:trident":1,"minecraft:gunpowder":7,"minecraft:skeleton_skull":3,"cte_essentials:cloth_0_helmet":1,"mmorpg:gems/garnet/0":1,"domum_ornamentum:beige_bricks":1,"doggytalents:rice_grains":12,"minecraft:arrow":6,"minecraft:beef":12,"mmorpg:rare_mats/farming/medium":1,"iceandfire:armor_bronze_leggings":1,"minecraft:bread":3,"minecraft:wheat_seeds":22,"chococraft:gold_gysahl":1,"minecraft:cobblestone":2,"minecraft:spectral_arrow":3,"chococraft:gysahl_green_seeds":16,"minecraft:chainmail_helmet":1,"mmorpg:weapon/staff/wood":1,"minecraft:stick":4,"mmorpg:jewelry/ring/gold":1,"minecraft:gray_wool":1,"cte_essentials:leather_1_leggings":1,"minecraft:wooden_axe":3,"mmorpg:rare_mats/husbandry/medium":1,"minecraft:music_disc_strad":1,"minecraft:iron_axe":1,"minecraft:string":12,"stalwart_dungeons:stone_hammer":1,"iceandfire:dragon_skull_fire":1,"iceandfire:dragonbone":9,"minecraft:dandelion":2,"cte_essentials:leather_5_helmet":1,"iceandfire:silver_nugget":8,"mmorpg:potion/resource/1":2,"minecraft:sweet_berries":1,"minecraft:coarse_dirt":4,"minecraft:deepslate":6,"minecraft:light_gray_wool":1,"mmorpg:rare_mats/husbandry/lesser":1,"minecraft:stone_slab":2,"minecraft:skeleton_spawn_egg":1,"minecraft:spruce_fence":6,"mmorpg:jewelry/necklace/iron":1,"minecraft:potato":4,"farmersdelight:flint_knife":2,"minecraft:shield":4,"mmorpg:offhand/tome/wood":3,"minecraft:iron_chestplate":2,"minecraft:golden_sword":1,"minecraft:spider_eye":7,"cte_essentials:cloth_0_chestplate":2,"mmorpg:jewelry/ring/iron":1,"lightmanscurrency:coin_iron":2,"minecraft:bow":4,"chococraft:gysahl_green":81,"cte_essentials:cloth_0_leggings":1},"minecraft:crafted":{"minecraft:oak_planks":41,"chococraft:chocobo_whistle":1,"minecraft:chest":4,"minecraft:wooden_shovel":1,"minecraft:crafting_table":2,"minecraft:spruce_planks":110,"minecraft:birch_planks":16,"minecraft:wooden_hoe":1,"minecraft:birch_fence":5,"minecraft:stick":84,"minecraft:iron_ingot":9,"minecraft:iron_pickaxe":1,"iceandfire:armor_bronze_helmet":1,"chococraft:chocobo_saddle_pack":1,"minecraft:cherry_planks":24,"minecraft:spruce_fence":48,"chococraft:chocobo_saddle_bags":1,"minecraft:iron_axe":2,"iceandfire:armor_bronze_chestplate":1,"minecraft:cherry_fence_gate":1,"minecraft:wheat":9,"iceandfire:armor_bronze_boots":1,"minecraft:bread":2,"minecraft:air":203,"minecraft:wooden_axe":1,"minecraft:iron_shovel":1,"chococraft:chocobo_saddle":3,"iceandfire:armor_bronze_leggings":1},"minecraft:killed_by":{"minecraft:ghast":1,"riskofrain_mobs:stone_golem_entity":3,"iceandfire:cyclops":1,"minecraft:piglin_brute":2,"minecraft:creeper":7,"minecraft:drowned":1,"minecraft:magma_cube":9,"minecraft:piglin":1,"iceandfire:ice_dragon":4,"minecraft:blaze":1,"minecraft:zombie":5,"iceandfire:fire_dragon":2,"monsterplus:glow_skeleton":1,"mutantmonsters:mutant_skeleton":1,"riskofrain_mobs:lemurian_entity":4,"illagerinvasion:marauder":1},"minecraft:custom":{"minecraft:blood":0,"lootr:looted_stat":96,"minecraft:animals_bred":33,"minecraft:dexterity":5,"minecraft:interact_with_crafting_table":32,"minecraft:open_barrel":10,"minecraft:leave_game":11,"minecraft:time_since_death":19820,"minecraft:damage_resisted":0,"minecraft:sprint_one_cm":2219747,"minecraft:damage_blocked_by_shield":360,"minecraft:drop":177,"minecraft:health":637,"minecraft:talked_to_villager":17,"minecraft:play_time":778468,"minecraft:deaths":54,"minecraft:jump":11829,"minecraft:energy":200,"minecraft:walk_on_water_one_cm":46835,"minecraft:intelligence":8,"minecraft:sleep_in_bed":10,"minecraft:levels_gained":16,"minecraft:waystone_activated":4,"minecraft:damage_dealt":51783,"minecraft:crouch_one_cm":63673,"minecraft:interact_with_smithing_table":1,"minecraft:mob_kills":678,"minecraft:damage_dealt_resisted":0,"minecraft:climb_one_cm":14717,"minecraft:mana":206,"minecraft:magic_shield":22,"minecraft:walk_one_cm":1766535,"minecraft:damage_dealt_absorbed":1067,"minecraft:sneak_time":18241,"minecraft:walk_under_water_one_cm":15650,"minecraft:total_world_time":778468,"minecraft:move_speed":0,"minecraft:time_since_rest":19100,"minecraft:damage_taken":36130,"minecraft:damage_absorbed":44645,"minecraft:swim_one_cm":90243,"minecraft:fly_one_cm":2504020,"minecraft:open_chest":49,"minecraft:strength":23,"minecraft:fall_one_cm":342018},"minecraft:broken":{"cte_essentials:cloth_0_boots":1,"minecraft:golden_boots":1,"minecraft:diamond_helmet":1,"cte_essentials:plate_0_helmet":2,"cte_essentials:cloth_0_chestplate":1,"iceandfire:armor_bronze_boots":1,"minecraft:chainmail_boots":1,"cte_essentials:plate_0_chestplate":1,"stalwart_dungeons:iron_hammer":3,"cte_essentials:cloth_1_helmet":1,"minecraft:golden_chestplate":1,"minecraft:trident":1,"cte_essentials:plate_0_leggings":4,"cte_essentials:plate_1_helmet":1,"stalwart_dungeons:wooden_hammer":1,"minecraft:golden_axe":1,"cte_essentials:leather_0_boots":1,"cte_essentials:plate_0_boots":2},"minecraft:picked_up":{"minecraft:wooden_axe":3,"chococraft:loverly_gysahl_green":63,"minecraft:music_disc_strad":1,"minecraft:wheat":7,"mmorpg:material/farming/0":1,"minecraft:chainmail_boots":1,"mmorpg:gems/sapphire/0":1,"minecraft:nether_brick_fence":2,"minecraft:yellow_wool":1,"minecraft:lead":11,"minecraft:stone_slab":2,"minecraft:enchanted_book":2,"alexsmobs:bone_serpent_tooth":1,"minecraft:golden_sword":2,"cte_essentials:plate_0_helmet":2,"mmorpg:skill_gems/aura/dex":1,"cte_essentials:cloth_1_helmet":2,"minecraft:polished_blackstone_brick_stairs":1,"minecraft:string":77,"mutantmonsters:mutant_skeleton_skull":1,"minecraft:red_nether_bricks":3,"minecraft:zombie_head":1,"minecraft:gold_nugget":3,"minecraft:cobbled_deepslate":30,"mmorpg:gems/tourmaline/0":1,"minecraft:spruce_planks":5,"minecraft:redstone_torch":1,"minecraft:ender_eye":4,"alexsmobs:raccoon_tail":1,"mmorpg:gems/emerald/1":1,"minecraft:stick":14,"minecraft:torch":95,"minecraft:golden_axe":2,"mmorpg:jewelry/necklace/iron":5,"minecraft:cherry_log":18,"mmorpg:gems/opal/1":1,"cte_essentials:plate_0_leggings":2,"minecraft:golden_chestplate":2,"mutantmonsters:mutant_skeleton_pelvis":1,"cte_essentials:cloth_0_boots":1,"minecraft:rotten_flesh":102,"supplementaries:antique_ink":1,"iceandfire:fire_dragon_heart":2,"minecraft:cyan_terracotta":33,"supplementaries:quiver":1,"supplementaries:ash":69,"minecraft:blaze_rod":1,"mutantmonsters:mutant_skeleton_shoulder_pad":2,"mmorpg:rare_mats/farming/greater":1,"minecraft:blaze_powder":3,"minecraft:cobblestone":37,"minecraft:birch_log":10,"minecraft:magma_block":29,"minecraft:magma_cream":17,"cte_essentials:leather_5_helmet":6,"cte_essentials:leather_1_leggings":5,"minecraft:black_bed":1,"cte_essentials:leather_0_helmet":1,"minecraft:potato":5,"minecraft:flint":1,"create:raw_zinc":2,"supplementaries:flax_seeds":4,"minecraft:gray_concrete":2,"minecraft:dirt":160,"iceandfire:dragonscales_bronze":34,"mmorpg:potion/resource/1":2,"minecraft:twisting_vines":2,"minecraft:leather_boots":1,"minecraft:bone":81,"mmorpg:material/meat/0":7,"minecraft:bow":12,"minecraft:wheat_seeds":43,"stalwart_dungeons:iron_hammer":10,"mmorpg:gems/ruby/1":1,"friendsandfoes:wildfire_crown_fragment":5,"minecraft:diamond_helmet":1,"minecraft:glowstone_dust":1,"minecraft:moss_block":1,"minecraft:oak_planks":1,"mmorpg:skill_gems/support/str":2,"cte_essentials:plate_0_chestplate":3,"mmorpg:offhand/tome/wood":5,"cte_essentials:leather_0_boots":1,"minecraft:warped_wart_block":5,"iceandfire:dragon_skull_fire":2,"minecraft:sand":2,"minecraft:nether_brick_stairs":2,"mmorpg:jewelry/ring/gold":4,"minecraft:spectral_arrow":3,"minecraft:skeleton_spawn_egg":1,"mmorpg:gems/garnet/0":4,"minecraft:diamond":16,"minecraft:deepslate":8,"minecraft:crossbow":5,"minecraft:emerald":21,"minecraft:chainmail_helmet":1,"minecraft:bread":2,"minecraft:oak_sapling":14,"minecraft:netherrack":823,"iceandfire:silver_nugget":8,"mmorpg:skill_gems/aura/int":2,"minecraft:coarse_dirt":7,"sophisticatedbackpacks:gold_backpack":1,"mmorpg:gems/topaz/0":1,"mmorpg:gems/topaz/1":1,"mmorpg:skill_gems/aura/str":3,"mmorpg:jewelry/ring/iron":3,"minecraft:gold_block":3,"sophisticatedstorage:basic_to_iron_tier_upgrade":2,"minecraft:shield":4,"cte_essentials:cloth_0_leggings":1,"minecraft:iron_axe":2,"minecraft:wooden_sword":4,"minecraft:birch_fence":2,"minecraft:blackstone":4,"minecraft:beef":12,"cte_essentials:cloth_0_helmet":1,"minecraft:iron_nugget":40,"minecraft:light_gray_wool":1,"cte_essentials:plate_1_helmet":1,"minecraft:birch_sapling":8,"naturesaura:warped_aura_mushroom":1,"globalxp:xp_block":1,"minecraft:egg":3,"mmorpg:skill_gems/support/dex":5,"iceandfire:dragonbone":22,"iceandfire:dragonscales_gray":27,"cte_essentials:cloth_0_chestplate":2,"cte_essentials:leather_0_leggings":1,"minecraft:spruce_fence":15,"minecraft:polished_blackstone_bricks":1,"minecraft:carrot":3,"minecraft:trident":8,"mmorpg:skill_gems/support/int":4,"cte_essentials:leather_0_chestplate":2,"minecraft:cherry_fence_gate":1,"minecraft:arrow":60,"iceandfire:cyclops_eye":1,"mmorpg:runes/cen":1,"minecraft:nether_bricks":4,"mmorpg:currency/affix_common_reroll":1,"minecraft:hay_block":2,"mutantmonsters:mutant_skeleton_rib":1,"minecraft:mutton":13,"minecraft:skeleton_skull":3,"minecraft:white_wool":20,"minecraft:bone_block":41,"cte_essentials:cloth_2_leggings":2,"mmorpg:rare_mats/husbandry/lesser":7,"minecraft:basalt":28,"minecraft:glow_ink_sac":10,"cte_essentials:leather_4_helmet":4,"minecraft:leather":17,"doggytalents:rice_grains":24,"minecraft:crimson_fungus":2,"domum_ornamentum:beige_bricks":1,"minecraft:oak_log":32,"iceandfire:armor_bronze_leggings":1,"minecraft:gunpowder":26,"minecraft:cobblestone_stairs":1,"farmersdelight:flint_knife":7,"mutantmonsters:mutant_skeleton_limb":8,"minecraft:blue_bed":1,"chococraft:chocobo_feather":35,"chococraft:gysahl_green":1081,"chococraft:gold_gysahl":26,"iceandfire:armor_silver_metal_helmet":1,"mmorpg:rare_mats/farming/medium":1,"minecraft:iron_ingot":3,"mmorpg:rare_mats/farming/lesser":15,"lightmanscurrency:coin_iron":181,"iceandfire:fire_dragon_flesh":10,"minecraft:book":51,"minecraft:warped_fungus":8,"minecraft:smooth_basalt":1,"minecraft:black_candle":3,"minecraft:sweet_berries":43,"minecraft:dandelion":2,"minecraft:gravel":1,"mmorpg:stat_soul":18,"chococraft:gysahl_green_seeds":198,"mmorpg:weapon/staff/wood":5,"minecraft:spruce_log":38,"mmorpg:weapon/staff/iron":1,"minecraft:spider_eye":14,"mmorpg:rare_mats/husbandry/medium":2,"lightmanscurrency:coin_copper":379,"mmorpg:offhand/dodge/wood":2,"minecraft:purple_bed":1,"minecraft:stone_axe":1,"mmorpg:runes/ano":1,"lightmanscurrency:coin_gold":9,"minecraft:diamond_axe":3,"minecraft:gray_wool":1,"minecraft:warped_roots":47,"minecraft:warped_nylium":2,"minecraft:ender_pearl":5}},"DataVersion":3465}