{"stats":{"minecraft:crafted":{"iceandfire:armor_bronze_boots":1,"iceandfire:armor_bronze_chestplate":1,"iceandfire:armor_bronze_leggings":1,"iceandfire:armor_bronze_helmet":1,"minecraft:wheat":9},"minecraft:custom":{"minecraft:interact_with_smithing_table":1,"minecraft:blood":0,"lootr:looted_stat":24,"minecraft:mob_kills":127,"minecraft:dexterity":5,"minecraft:intelligence":8,"minecraft:move_speed":-7,"minecraft:interact_with_crafting_table":3,"minecraft:damage_dealt_resisted":0,"minecraft:time_since_death":3905,"minecraft:sleep_in_bed":1,"minecraft:climb_one_cm":2260,"minecraft:levels_gained":10,"minecraft:mana":144,"minecraft:time_since_rest":3933,"minecraft:magic_shield":23,"minecraft:sprint_one_cm":279336,"minecraft:damage_absorbed":8957,"minecraft:damage_taken":6033,"minecraft:walk_one_cm":205987,"minecraft:damage_blocked_by_shield":360,"minecraft:drop":42,"minecraft:damage_dealt":19507,"minecraft:health":471,"minecraft:swim_one_cm":38947,"minecraft:talked_to_villager":3,"minecraft:fly_one_cm":381198,"minecraft:play_time":103186,"minecraft:deaths":9,"minecraft:walk_under_water_one_cm":13708,"minecraft:jump":1470,"minecraft:energy":140,"minecraft:walk_on_water_one_cm":29726,"minecraft:strength":20,"minecraft:total_world_time":103186,"minecraft:fall_one_cm":36073},"minecraft:dropped":{"minecraft:gravel":1,"minecraft:bread":1,"minecraft:stone_axe":2,"minecraft:wheat_seeds":1,"chococraft:gold_gysahl":1,"minecraft:wheat":9,"minecraft:cobblestone":2,"minecraft:rotten_flesh":23,"chococraft:gysahl_green_seeds":9,"minecraft:stone_slab":2,"minecraft:skeleton_spawn_egg":1,"mmorpg:jewelry/necklace/iron":1,"minecraft:chainmail_helmet":1,"mmorpg:weapon/staff/iron":3,"minecraft:dirt":60,"minecraft:potato":4,"minecraft:gray_wool":1,"aquaculture:wooden_fillet_knife":1,"farmersdelight:flint_knife":2,"mmorpg:offhand/tome/wood":2,"minecraft:mutton":4,"minecraft:wooden_axe":2,"cte_essentials:cloth_0_helmet":1,"minecraft:music_disc_strad":1,"minecraft:spider_eye":6,"domum_ornamentum:beige_bricks":1,"minecraft:arrow":6,"minecraft:bow":1,"mmorpg:jewelry/ring/iron":1,"stalwart_dungeons:stone_hammer":1,"minecraft:white_wool":2,"iceandfire:dragonbone":9},"minecraft:picked_up":{"minecraft:wooden_axe":2,"minecraft:music_disc_strad":1,"mmorpg:skill_gems/aura/str":1,"cte_essentials:leather_1_leggings":3,"minecraft:black_bed":1,"minecraft:stone_slab":2,"mmorpg:jewelry/ring/iron":3,"doggytalents:rice_grains":4,"domum_ornamentum:beige_bricks":1,"minecraft:shield":1,"minecraft:gunpowder":10,"farmersdelight:flint_knife":6,"cte_essentials:cloth_1_helmet":2,"minecraft:dirt":89,"minecraft:string":21,"iceandfire:dragonscales_bronze":34,"minecraft:wooden_sword":2,"minecraft:bone":25,"chococraft:gysahl_green":22,"chococraft:gold_gysahl":1,"minecraft:bow":2,"minecraft:wheat_seeds":5,"stalwart_dungeons:iron_hammer":9,"minecraft:iron_ingot":1,"cte_essentials:cloth_0_helmet":1,"alexsmobs:raccoon_tail":1,"lightmanscurrency:coin_iron":113,"iceandfire:fire_dragon_flesh":3,"mmorpg:skill_gems/support/dex":1,"mmorpg:offhand/tome/wood":2,"cte_essentials:plate_0_chestplate":3,"iceandfire:dragonbone":18,"cte_essentials:cloth_0_chestplate":1,"minecraft:gravel":1,"iceandfire:dragon_skull_fire":1,"mmorpg:stat_soul":7,"mmorpg:weapon/staff/wood":1,"mmorpg:jewelry/necklace/iron":1,"chococraft:gysahl_green_seeds":10,"minecraft:spruce_log":3,"minecraft:trident":1,"mmorpg:skill_gems/support/int":1,"cte_essentials:leather_0_chestplate":1,"mmorpg:jewelry/ring/gold":4,"minecraft:spider_eye":7,"minecraft:skeleton_spawn_egg":1,"lightmanscurrency:coin_copper":183,"cte_essentials:cloth_0_boots":1,"mmorpg:gems/garnet/0":2,"minecraft:arrow":25,"minecraft:rotten_flesh":47,"minecraft:stone_axe":1,"mmorpg:runes/ano":1,"lightmanscurrency:coin_gold":4,"minecraft:hay_block":2,"iceandfire:fire_dragon_heart":1,"minecraft:gray_wool":1,"minecraft:chainmail_helmet":1,"supplementaries:ash":1,"supplementaries:quiver":1,"minecraft:mutton":4,"minecraft:white_wool":2,"minecraft:cobblestone":2},"minecraft:mined":{"minecraft:tall_grass":5,"minecraft:hay_block":2,"minecraft:spruce_log":3,"iceandfire:chared_gravel":1,"minecraft:black_bed":1,"minecraft:grass":3,"chococraft:gysahl_green":10},"minecraft:killed":{"riskofrain_mobs:lemurian_entity":2,"alexsmobs:raccoon":2,"minecraft:spider":28,"minecraft:creeper":8,"minecraft:sheep":3,"minecraft:skeleton":23,"alexsmobs:blue_jay":2,"minecraft:zombie":52,"iceandfire:fire_dragon":2,"alexsmobs:fly":1,"mutantmonsters:mutant_zombie":1,"minecraft:enderman":2},"minecraft:killed_by":{"riskofrain_mobs:stone_golem_entity":1,"minecraft:creeper":2,"minecraft:zombie":3,"minecraft:drowned":1,"iceandfire:fire_dragon":2},"minecraft:used":{"minecraft:trident":91,"stalwart_dungeons:iron_hammer":140,"stalwart_dungeons:wooden_hammer":30,"minecraft:shield":3,"minecraft:chainmail_helmet":1,"minecraft:iron_sword":4,"farmersdelight:flint_knife":5,"minecraft:skeleton_spawn_egg":1,"minecraft:black_bed":1,"chococraft:gysahl_green_seeds":1,"minecraft:bread":9,"minecraft:iron_helmet":1,"minecraft:wooden_sword":20,"stalwart_dungeons:stone_hammer":62,"minecraft:hay_block":1,"cte_essentials:cloth_0_chestplate":1},"minecraft:broken":{"stalwart_dungeons:wooden_hammer":1,"cte_essentials:cloth_0_boots":1,"cte_essentials:plate_0_helmet":1,"cte_essentials:plate_0_chestplate":1,"cte_essentials:cloth_0_chestplate":1,"cte_essentials:leather_0_boots":1,"cte_essentials:plate_0_leggings":1,"cte_essentials:cloth_1_helmet":1,"stalwart_dungeons:iron_hammer":1,"cte_essentials:plate_0_boots":1}},"DataVersion":3465}