{"stats":{"minecraft:picked_up":{"minecraft:wooden_axe":3,"chococraft:loverly_gysahl_green":28,"minecraft:music_disc_strad":1,"mmorpg:material/farming/0":1,"minecraft:chainmail_boots":1,"mmorpg:gems/sapphire/0":1,"minecraft:nether_brick_fence":2,"minecraft:yellow_wool":1,"minecraft:stone_slab":2,"minecraft:lead":9,"minecraft:golden_sword":2,"cte_essentials:plate_0_helmet":2,"mmorpg:skill_gems/aura/dex":1,"cte_essentials:cloth_1_helmet":2,"minecraft:string":55,"mutantmonsters:mutant_skeleton_skull":1,"minecraft:zombie_head":1,"minecraft:gold_nugget":2,"minecraft:cobbled_deepslate":30,"minecraft:spruce_planks":5,"minecraft:ender_eye":4,"alexsmobs:raccoon_tail":1,"mmorpg:gems/emerald/1":1,"minecraft:torch":95,"minecraft:golden_axe":2,"mmorpg:jewelry/necklace/iron":5,"minecraft:cherry_log":18,"mmorpg:gems/opal/1":1,"cte_essentials:plate_0_leggings":2,"minecraft:golden_chestplate":2,"mutantmonsters:mutant_skeleton_pelvis":1,"cte_essentials:cloth_0_boots":1,"minecraft:rotten_flesh":100,"supplementaries:antique_ink":1,"iceandfire:fire_dragon_heart":2,"minecraft:cyan_terracotta":9,"supplementaries:ash":65,"supplementaries:quiver":1,"minecraft:blaze_rod":1,"mutantmonsters:mutant_skeleton_shoulder_pad":2,"minecraft:blaze_powder":3,"minecraft:cobblestone":36,"minecraft:birch_log":5,"minecraft:magma_block":29,"minecraft:magma_cream":11,"cte_essentials:leather_5_helmet":6,"cte_essentials:leather_1_leggings":5,"cte_essentials:leather_0_helmet":1,"minecraft:black_bed":1,"minecraft:flint":1,"create:raw_zinc":2,"supplementaries:flax_seeds":4,"minecraft:dirt":92,"iceandfire:dragonscales_bronze":34,"mmorpg:potion/resource/1":2,"minecraft:leather_boots":1,"minecraft:twisting_vines":2,"minecraft:bone":81,"mmorpg:material/meat/0":1,"minecraft:bow":12,"minecraft:wheat_seeds":26,"stalwart_dungeons:iron_hammer":10,"mmorpg:gems/ruby/1":1,"friendsandfoes:wildfire_crown_fragment":5,"minecraft:glowstone_dust":1,"minecraft:diamond_helmet":1,"minecraft:moss_block":1,"mmorpg:skill_gems/support/str":2,"cte_essentials:plate_0_chestplate":3,"mmorpg:offhand/tome/wood":5,"cte_essentials:leather_0_boots":1,"iceandfire:dragon_skull_fire":2,"minecraft:sand":2,"minecraft:nether_brick_stairs":2,"mmorpg:jewelry/ring/gold":4,"minecraft:spectral_arrow":3,"minecraft:skeleton_spawn_egg":1,"mmorpg:gems/garnet/0":4,"minecraft:diamond":16,"minecraft:deepslate":8,"minecraft:crossbow":4,"minecraft:chainmail_helmet":1,"minecraft:bread":2,"minecraft:emerald":20,"minecraft:netherrack":770,"iceandfire:silver_nugget":8,"mmorpg:skill_gems/aura/int":2,"sophisticatedbackpacks:gold_backpack":1,"mmorpg:gems/topaz/1":1,"mmorpg:gems/topaz/0":1,"mmorpg:skill_gems/aura/str":3,"mmorpg:jewelry/ring/iron":3,"minecraft:gold_block":2,"sophisticatedstorage:basic_to_iron_tier_upgrade":2,"minecraft:shield":4,"cte_essentials:cloth_0_leggings":1,"minecraft:iron_axe":2,"minecraft:wooden_sword":4,"minecraft:blackstone":4,"minecraft:beef":12,"cte_essentials:cloth_0_helmet":1,"minecraft:iron_nugget":40,"minecraft:light_gray_wool":1,"minecraft:birch_sapling":2,"cte_essentials:plate_1_helmet":1,"naturesaura:warped_aura_mushroom":1,"globalxp:xp_block":1,"minecraft:egg":3,"mmorpg:skill_gems/support/dex":5,"iceandfire:dragonbone":22,"iceandfire:dragonscales_gray":27,"cte_essentials:cloth_0_chestplate":2,"cte_essentials:leather_0_leggings":1,"minecraft:trident":6,"mmorpg:skill_gems/support/int":4,"cte_essentials:leather_0_chestplate":2,"minecraft:arrow":60,"iceandfire:cyclops_eye":1,"mmorpg:runes/cen":1,"minecraft:nether_bricks":4,"mmorpg:currency/affix_common_reroll":1,"minecraft:hay_block":2,"mutantmonsters:mutant_skeleton_rib":1,"minecraft:mutton":13,"minecraft:skeleton_skull":3,"minecraft:white_wool":17,"cte_essentials:cloth_2_leggings":2,"mmorpg:rare_mats/husbandry/lesser":2,"minecraft:basalt":14,"minecraft:glow_ink_sac":10,"cte_essentials:leather_4_helmet":4,"minecraft:leather":17,"doggytalents:rice_grains":20,"minecraft:crimson_fungus":2,"iceandfire:armor_bronze_leggings":1,"domum_ornamentum:beige_bricks":1,"minecraft:gunpowder":26,"farmersdelight:flint_knife":7,"mutantmonsters:mutant_skeleton_limb":8,"chococraft:chocobo_feather":10,"chococraft:gysahl_green":500,"chococraft:gold_gysahl":11,"iceandfire:armor_silver_metal_helmet":1,"minecraft:iron_ingot":3,"mmorpg:rare_mats/farming/lesser":3,"lightmanscurrency:coin_iron":181,"iceandfire:fire_dragon_flesh":10,"minecraft:book":51,"minecraft:warped_fungus":8,"minecraft:smooth_basalt":1,"minecraft:black_candle":3,"minecraft:sweet_berries":24,"minecraft:dandelion":2,"minecraft:gravel":1,"mmorpg:stat_soul":18,"chococraft:gysahl_green_seeds":186,"mmorpg:weapon/staff/wood":5,"minecraft:spruce_log":14,"mmorpg:weapon/staff/iron":1,"minecraft:spider_eye":14,"lightmanscurrency:coin_copper":355,"mmorpg:offhand/dodge/wood":1,"minecraft:purple_bed":1,"minecraft:stone_axe":1,"mmorpg:runes/ano":1,"lightmanscurrency:coin_gold":9,"minecraft:gray_wool":1,"minecraft:warped_roots":46,"minecraft:warped_nylium":2,"minecraft:ender_pearl":5},"minecraft:used":{"minecraft:nether_brick_fence":2,"stalwart_dungeons:iron_hammer":377,"minecraft:chest":4,"minecraft:shield":3,"minecraft:iron_sword":59,"minecraft:zombie_spawn_egg":1,"minecraft:skeleton_spawn_egg":1,"minecraft:nether_bricks":4,"minecraft:iron_helmet":1,"minecolonies:scepterguard":12,"minecraft:golden_sword":4,"minecraft:bow":7,"minecraft:hay_block":1,"minecraft:sweet_berries":16,"minecraft:egg":3,"minecraft:golden_boots":1,"stalwart_dungeons:wooden_hammer":30,"minecraft:blackstone":4,"minecraft:chainmail_helmet":1,"minecraft:white_wool":3,"minecraft:golden_apple":1,"minecraft:sand":1,"minecraft:black_bed":1,"mutantmonsters:mutant_skeleton_skull":1,"minecraft:bread":15,"sophisticatedstorage:basic_to_iron_tier_upgrade":1,"minecraft:deepslate":1,"minecraft:golden_helmet":1,"minecraft:diamond_sword":9,"minecraft:wooden_sword":20,"globalxp:xp_block":1,"chococraft:gysahl_green":117,"minecraft:trident":579,"minecraft:spruce_planks":21,"minecraft:netherrack":638,"minecraft:torch":95,"minecraft:dirt":6,"farmersdelight:flint_knife":5,"minecraft:nether_brick_stairs":2,"minecraft:iron_axe":18,"minecraft:smooth_basalt":1,"minecraft:basalt":14,"cte_essentials:plate_0_leggings":1,"minecraft:cobbled_deepslate":29,"minecraft:lead":1,"minecraft:crafting_table":2,"minecraft:diamond_pickaxe":905,"chococraft:gysahl_green_seeds":107,"minecraft:iron_pickaxe":103,"stalwart_dungeons:stone_hammer":62,"minecraft:cobblestone":4,"minecraft:potion":1,"minecraft:purple_bed":1,"cte_essentials:cloth_0_chestplate":1},"minecraft:custom":{"minecraft:blood":0,"lootr:looted_stat":73,"minecraft:animals_bred":7,"minecraft:dexterity":5,"minecraft:interact_with_crafting_table":23,"minecraft:leave_game":8,"minecraft:time_since_death":0,"minecraft:damage_resisted":0,"minecraft:sprint_one_cm":1483204,"minecraft:damage_blocked_by_shield":360,"minecraft:drop":156,"minecraft:health":646,"minecraft:talked_to_villager":4,"minecraft:play_time":538463,"minecraft:deaths":39,"minecraft:jump":8433,"minecraft:energy":200,"minecraft:walk_on_water_one_cm":44987,"minecraft:intelligence":8,"minecraft:sleep_in_bed":4,"minecraft:levels_gained":16,"minecraft:waystone_activated":4,"minecraft:damage_dealt":49976,"minecraft:crouch_one_cm":44061,"minecraft:interact_with_smithing_table":1,"minecraft:mob_kills":549,"minecraft:damage_dealt_resisted":0,"minecraft:climb_one_cm":13001,"minecraft:mana":215,"minecraft:magic_shield":23,"minecraft:walk_one_cm":1062721,"minecraft:damage_dealt_absorbed":444,"minecraft:sneak_time":13548,"minecraft:walk_under_water_one_cm":15398,"minecraft:total_world_time":538463,"minecraft:move_speed":-7,"minecraft:time_since_rest":29,"minecraft:damage_taken":28480,"minecraft:damage_absorbed":37799,"minecraft:swim_one_cm":70967,"minecraft:fly_one_cm":1813596,"minecraft:open_chest":35,"minecraft:strength":23,"minecraft:fall_one_cm":261065},"minecraft:crafted":{"minecraft:chest":4,"minecraft:wooden_shovel":1,"minecraft:crafting_table":2,"minecraft:spruce_planks":14,"minecraft:birch_planks":11,"minecraft:wooden_hoe":1,"minecraft:stick":16,"minecraft:iron_pickaxe":1,"iceandfire:armor_bronze_helmet":1,"minecraft:cherry_planks":16,"minecraft:iron_axe":1,"iceandfire:armor_bronze_chestplate":1,"minecraft:wheat":9,"iceandfire:armor_bronze_boots":1,"minecraft:air":52,"minecraft:wooden_axe":1,"minecraft:iron_shovel":1,"chococraft:chocobo_saddle":3,"iceandfire:armor_bronze_leggings":1},"minecraft:killed_by":{"minecraft:ghast":1,"riskofrain_mobs:stone_golem_entity":2,"iceandfire:cyclops":1,"minecraft:piglin_brute":2,"minecraft:creeper":7,"minecraft:drowned":1,"minecraft:magma_cube":5,"minecraft:piglin":1,"iceandfire:ice_dragon":4,"minecraft:zombie":4,"iceandfire:fire_dragon":2,"monsterplus:glow_skeleton":1,"mutantmonsters:mutant_skeleton":1,"riskofrain_mobs:lemurian_entity":2},"minecraft:broken":{"cte_essentials:cloth_0_boots":1,"minecraft:golden_boots":1,"minecraft:diamond_helmet":1,"cte_essentials:plate_0_helmet":2,"cte_essentials:cloth_0_chestplate":1,"iceandfire:armor_bronze_boots":1,"minecraft:chainmail_boots":1,"cte_essentials:plate_0_chestplate":1,"stalwart_dungeons:iron_hammer":3,"cte_essentials:cloth_1_helmet":1,"minecraft:golden_chestplate":1,"minecraft:trident":1,"cte_essentials:plate_0_leggings":4,"stalwart_dungeons:wooden_hammer":1,"cte_essentials:leather_0_boots":1,"cte_essentials:plate_0_boots":2},"minecraft:mined":{"create:deepslate_zinc_ore":2,"minecraft:spruce_planks":5,"minecraft:cherry_log":18,"minecraft:magma_block":21,"minecraft:cobbled_deepslate":1,"minecraft:fire":48,"minecraft:nether_brick_stairs":2,"minecraft:azure_bluet":1,"chococraft:gysahl_green":194,"minecraft:black_candle":1,"minecraft:cyan_terracotta":9,"minecraft:blackstone":3,"minecraft:torch":1,"minecraft:warped_nylium":231,"minecraft:birch_log":5,"minecraft:black_bed":1,"minecraft:warped_fungus":1,"minecraft:grass":101,"minecraft:oak_log":2,"minecraft:sand":2,"minecraft:dirt":2,"minecraft:smooth_basalt":1,"naturesaura:nether_grass":8,"minecraft:netherrack":614,"minecraft:oak_leaves":1,"minecraft:deepslate":32,"minecraft:deepslate_diamond_ore":11,"minecraft:nether_bricks":5,"minecraft:spruce_leaves":3,"minecraft:moss_block":1,"minecraft:large_fern":3,"minecraft:hay_block":2,"minecraft:nether_sprouts":3,"iceandfire:chared_gravel":1,"minecraft:gold_block":2,"minecraft:nether_brick_fence":3,"minecraft:bookshelf":17,"minecraft:stone":35,"minecraft:glass_pane":4,"minecraft:basalt":14,"minecraft:dandelion":2,"minecraft:warped_roots":20,"minecraft:tall_grass":39,"supplementaries:urn":37,"minecraft:sweet_berry_bush":14,"minecraft:spruce_log":14,"minecraft:birch_leaves":6,"minecraft:gravel":1,"minecraft:cobweb":9,"minecraft:fern":8},"minecraft:dropped":{"minecraft:moss_block":1,"mmorpg:stone/0":2,"lightmanscurrency:coin_copper":6,"minecraft:crossbow":1,"iceandfire:fire_dragon_flesh":5,"mutantmonsters:mutant_skeleton_shoulder_pad":1,"minecraft:dirt":69,"minecraft:mutton":4,"iceandfire:armor_silver_metal_helmet":1,"minecraft:white_wool":7,"cte_essentials:leather_4_helmet":1,"minecraft:gravel":1,"mmorpg:rare_mats/farming/lesser":3,"minecraft:stone_axe":2,"bountiful:bounty":1,"cte_essentials:cloth_2_leggings":1,"minecraft:golden_chestplate":1,"minecraft:cobbled_deepslate":1,"minecraft:wheat":9,"minecraft:yellow_wool":1,"minecraft:birch_sapling":1,"minecraft:rotten_flesh":37,"minecraft:glowstone_dust":1,"supplementaries:antique_ink":1,"mmorpg:weapon/staff/iron":3,"supplementaries:ash":45,"aquaculture:wooden_fillet_knife":1,"minecraft:trident":1,"minecraft:gunpowder":7,"minecraft:skeleton_skull":3,"cte_essentials:cloth_0_helmet":1,"mmorpg:gems/garnet/0":1,"domum_ornamentum:beige_bricks":1,"doggytalents:rice_grains":8,"minecraft:arrow":6,"minecraft:beef":12,"iceandfire:armor_bronze_leggings":1,"minecraft:bread":3,"minecraft:wheat_seeds":5,"chococraft:gold_gysahl":1,"minecraft:cobblestone":2,"minecraft:spectral_arrow":3,"chococraft:gysahl_green_seeds":15,"minecraft:chainmail_helmet":1,"mmorpg:weapon/staff/wood":1,"minecraft:stick":4,"mmorpg:jewelry/ring/gold":1,"minecraft:gray_wool":1,"cte_essentials:leather_1_leggings":1,"minecraft:wooden_axe":3,"mmorpg:rare_mats/husbandry/medium":1,"minecraft:music_disc_strad":1,"minecraft:iron_axe":1,"stalwart_dungeons:stone_hammer":1,"iceandfire:dragon_skull_fire":1,"minecraft:dandelion":2,"iceandfire:dragonbone":9,"cte_essentials:leather_5_helmet":1,"iceandfire:silver_nugget":8,"mmorpg:potion/resource/1":2,"minecraft:sweet_berries":1,"minecraft:deepslate":6,"minecraft:light_gray_wool":1,"mmorpg:rare_mats/husbandry/lesser":1,"minecraft:stone_slab":2,"minecraft:skeleton_spawn_egg":1,"mmorpg:jewelry/necklace/iron":1,"minecraft:potato":4,"farmersdelight:flint_knife":2,"minecraft:shield":4,"mmorpg:offhand/tome/wood":3,"minecraft:iron_chestplate":2,"minecraft:golden_sword":1,"minecraft:spider_eye":7,"cte_essentials:cloth_0_chestplate":2,"mmorpg:jewelry/ring/iron":1,"lightmanscurrency:coin_iron":2,"minecraft:bow":4,"chococraft:gysahl_green":81,"cte_essentials:cloth_0_leggings":1},"minecraft:killed":{"minecraft:zombified_piglin":30,"monsterplus:mother_lava_squid":2,"minecraft:spider":47,"monsterplus:crystal_zombie":18,"minecraft:skeleton":51,"monsterplus:glow_skeleton":16,"minecraft:chicken":1,"minecraft:piglin_brute":15,"minecraft:piglin":19,"minecraft:magma_cube":80,"minecraft:pig":1,"minecraft:zombie_villager":2,"riskofrain_mobs:lemurian_entity":27,"minecolonies:mercenary":4,"mutantmonsters:mutant_skeleton":1,"minecraft:creeper":26,"minecraft:sheep":14,"minecraft:zombie":104,"minecraft:ghast":3,"alexsmobs:fly":1,"monsterplus:lava_squid":4,"minecraft:cow":8,"minecraft:blaze":4,"chococraft:chocobo":2,"alexsmobs:raccoon":2,"alexsmobs:seagull":2,"alexsmobs:blue_jay":2,"iceandfire:fire_dragon":2,"realmrpg_wyrms:red_wyrm":6,"iceandfire:cyclops":2,"minecraft:bat":2,"friendsandfoes:wildfire":1,"mutantmonsters:mutant_enderman":1,"alexsmobs:gelada_monkey":21,"iceandfire:ice_dragon":1,"mutantmonsters:mutant_zombie":1,"minecraft:enderman":6}},"DataVersion":3465}