{"stats":{"minecraft:crafted":{"minecraft:wheat":9},"minecraft:custom":{"minecraft:time_since_rest":21722,"minecraft:blood":0,"minecraft:magic_shield":22,"lootr:looted_stat":1,"minecraft:sprint_one_cm":94542,"minecraft:walk_one_cm":72494,"minecraft:damage_taken":1667,"minecraft:damage_absorbed":1410,"minecraft:mob_kills":37,"minecraft:drop":6,"minecraft:dexterity":5,"minecraft:intelligence":8,"minecraft:damage_dealt":5904,"minecraft:health":332,"minecraft:move_speed":-7,"minecraft:swim_one_cm":3242,"minecraft:fly_one_cm":93724,"minecraft:play_time":43186,"minecraft:deaths":2,"minecraft:walk_under_water_one_cm":723,"minecraft:jump":465,"minecraft:damage_dealt_resisted":0,"minecraft:energy":100,"minecraft:time_since_death":21690,"minecraft:walk_on_water_one_cm":1149,"minecraft:strength":10,"minecraft:sleep_in_bed":1,"minecraft:total_world_time":43186,"minecraft:climb_one_cm":1820,"minecraft:levels_gained":6,"minecraft:fall_one_cm":9269,"minecraft:mana":108},"minecraft:dropped":{"minecraft:gray_wool":1,"minecraft:cobblestone":2,"minecraft:spider_eye":1,"domum_ornamentum:beige_bricks":1,"mmorpg:jewelry/ring/iron":1,"minecraft:stone_slab":2},"minecraft:picked_up":{"cte_essentials:plate_0_chestplate":3,"minecraft:black_bed":1,"minecraft:stone_slab":2,"mmorpg:jewelry/ring/iron":1,"doggytalents:rice_grains":2,"mmorpg:stat_soul":4,"mmorpg:jewelry/necklace/iron":1,"domum_ornamentum:beige_bricks":1,"chococraft:gysahl_green_seeds":10,"minecraft:trident":1,"minecraft:spruce_log":3,"minecraft:gunpowder":2,"minecraft:spider_eye":1,"cte_essentials:cloth_1_helmet":2,"farmersdelight:flint_knife":3,"minecraft:string":6,"minecraft:dirt":5,"cte_essentials:cloth_0_boots":1,"lightmanscurrency:coin_copper":72,"mmorpg:gems/garnet/0":2,"minecraft:arrow":8,"minecraft:bone":6,"minecraft:rotten_flesh":16,"chococraft:gysahl_green":21,"minecraft:bow":1,"chococraft:gold_gysahl":1,"minecraft:stone_axe":1,"stalwart_dungeons:iron_hammer":9,"minecraft:hay_block":2,"cte_essentials:cloth_0_helmet":1,"minecraft:gray_wool":1,"supplementaries:quiver":1,"lightmanscurrency:coin_iron":18,"minecraft:mutton":4,"minecraft:white_wool":2,"minecraft:cobblestone":2},"minecraft:killed":{"minecraft:sheep":3,"minecraft:skeleton":6,"alexsmobs:blue_jay":2,"minecraft:zombie":15,"minecraft:spider":8,"minecraft:creeper":2,"minecraft:enderman":1},"minecraft:mined":{"minecraft:hay_block":2,"minecraft:spruce_log":3,"minecraft:black_bed":1,"minecraft:grass":2,"chococraft:gysahl_green":10},"minecraft:killed_by":{"minecraft:zombie":2},"minecraft:used":{"stalwart_dungeons:iron_hammer":69,"chococraft:gysahl_green_seeds":1,"minecraft:bread":4,"stalwart_dungeons:stone_hammer":35,"minecraft:hay_block":1,"minecraft:black_bed":1}},"DataVersion":3465}