{"stats":{"minecraft:killed_by":{"riskofrain_mobs:stone_golem_entity":1,"iceandfire:cyclops":1,"minecraft:creeper":3,"minecraft:drowned":1,"iceandfire:ice_dragon":3,"mutantmonsters:mutant_skeleton":1,"minecraft:zombie":4,"iceandfire:fire_dragon":2},"minecraft:picked_up":{"minecraft:wooden_axe":2,"chococraft:loverly_gysahl_green":19,"minecraft:music_disc_strad":1,"mmorpg:gems/topaz/0":1,"minecraft:yellow_wool":1,"mmorpg:skill_gems/aura/str":1,"minecraft:lead":9,"minecraft:stone_slab":2,"mmorpg:jewelry/ring/iron":3,"minecraft:shield":4,"cte_essentials:plate_0_helmet":1,"mmorpg:skill_gems/aura/dex":1,"cte_essentials:cloth_1_helmet":2,"minecraft:string":38,"mutantmonsters:mutant_skeleton_skull":1,"minecraft:wooden_sword":4,"minecraft:spruce_planks":5,"minecraft:beef":12,"cte_essentials:cloth_0_helmet":1,"minecraft:light_gray_wool":1,"alexsmobs:raccoon_tail":1,"mmorpg:gems/emerald/1":1,"minecraft:birch_sapling":2,"globalxp:xp_block":1,"minecraft:egg":3,"mmorpg:skill_gems/support/dex":2,"iceandfire:dragonbone":22,"iceandfire:dragonscales_gray":27,"cte_essentials:cloth_0_chestplate":2,"cte_essentials:leather_0_leggings":1,"mmorpg:jewelry/necklace/iron":1,"minecraft:trident":2,"mmorpg:skill_gems/support/int":2,"cte_essentials:leather_0_chestplate":1,"minecraft:golden_chestplate":1,"mutantmonsters:mutant_skeleton_pelvis":1,"cte_essentials:cloth_0_boots":1,"minecraft:arrow":27,"iceandfire:cyclops_eye":1,"minecraft:rotten_flesh":74,"mmorpg:currency/affix_common_reroll":1,"minecraft:hay_block":2,"iceandfire:fire_dragon_heart":2,"mutantmonsters:mutant_skeleton_rib":1,"supplementaries:quiver":1,"supplementaries:ash":1,"mutantmonsters:mutant_skeleton_shoulder_pad":2,"minecraft:mutton":13,"minecraft:skeleton_skull":3,"minecraft:white_wool":17,"minecraft:cobblestone":2,"minecraft:birch_log":5,"cte_essentials:cloth_2_leggings":1,"mmorpg:rare_mats/husbandry/lesser":2,"cte_essentials:leather_4_helmet":4,"cte_essentials:leather_5_helmet":6,"cte_essentials:leather_1_leggings":5,"minecraft:black_bed":1,"minecraft:leather":17,"doggytalents:rice_grains":15,"iceandfire:armor_bronze_leggings":1,"domum_ornamentum:beige_bricks":1,"minecraft:gunpowder":15,"farmersdelight:flint_knife":7,"mutantmonsters:mutant_skeleton_limb":8,"minecraft:dirt":91,"iceandfire:dragonscales_bronze":34,"mmorpg:potion/resource/1":2,"minecraft:leather_boots":1,"chococraft:chocobo_feather":6,"minecraft:bone":25,"chococraft:gysahl_green":366,"mmorpg:material/meat/0":1,"chococraft:gold_gysahl":9,"minecraft:bow":3,"minecraft:wheat_seeds":21,"stalwart_dungeons:iron_hammer":10,"mmorpg:rare_mats/farming/lesser":1,"minecraft:iron_ingot":2,"lightmanscurrency:coin_iron":154,"iceandfire:fire_dragon_flesh":10,"minecraft:book":15,"mmorpg:skill_gems/support/str":2,"cte_essentials:plate_0_chestplate":3,"mmorpg:offhand/tome/wood":3,"minecraft:sweet_berries":24,"minecraft:gravel":1,"iceandfire:dragon_skull_fire":2,"mmorpg:stat_soul":12,"chococraft:gysahl_green_seeds":140,"mmorpg:weapon/staff/wood":3,"minecraft:spruce_log":7,"mmorpg:jewelry/ring/gold":4,"minecraft:spider_eye":11,"lightmanscurrency:coin_copper":286,"minecraft:skeleton_spawn_egg":1,"mmorpg:gems/garnet/0":4,"minecraft:diamond":5,"minecraft:stone_axe":1,"mmorpg:runes/ano":1,"lightmanscurrency:coin_gold":4,"minecraft:crossbow":3,"minecraft:gray_wool":1,"minecraft:chainmail_helmet":1,"minecraft:bread":2},"minecraft:broken":{"cte_essentials:cloth_0_boots":1,"cte_essentials:plate_0_helmet":2,"cte_essentials:cloth_0_chestplate":1,"cte_essentials:plate_0_leggings":2,"iceandfire:armor_bronze_boots":1,"stalwart_dungeons:wooden_hammer":1,"cte_essentials:plate_0_chestplate":1,"cte_essentials:leather_0_boots":1,"stalwart_dungeons:iron_hammer":2,"cte_essentials:cloth_1_helmet":1,"cte_essentials:plate_0_boots":1},"minecraft:mined":{"minecraft:spruce_planks":5,"minecraft:spruce_leaves":3,"minecraft:hay_block":2,"minecraft:large_fern":3,"iceandfire:chared_gravel":1,"minecraft:bookshelf":5,"chococraft:gysahl_green":145,"minecraft:tall_grass":37,"minecraft:birch_log":5,"minecraft:sweet_berry_bush":14,"minecraft:spruce_log":7,"minecraft:birch_leaves":6,"minecraft:black_bed":1,"minecraft:grass":81,"minecraft:oak_log":2,"minecraft:oak_leaves":1,"minecraft:fern":8},"minecraft:killed":{"alexsmobs:raccoon":2,"minecraft:spider":38,"alexsmobs:seagull":2,"minecraft:skeleton":30,"alexsmobs:blue_jay":2,"iceandfire:fire_dragon":2,"minecraft:chicken":1,"minecraft:pig":1,"iceandfire:cyclops":2,"minecraft:zombie_villager":2,"riskofrain_mobs:lemurian_entity":2,"mutantmonsters:mutant_skeleton":1,"minecraft:creeper":13,"minecraft:sheep":14,"alexsmobs:gelada_monkey":21,"minecraft:zombie":77,"iceandfire:ice_dragon":1,"alexsmobs:fly":1,"mutantmonsters:mutant_zombie":1,"chococraft:chocobo":2,"minecraft:enderman":2,"minecraft:cow":8},"minecraft:crafted":{"minecraft:chest":2,"iceandfire:armor_bronze_chestplate":1,"minecraft:wheat":9,"minecraft:crafting_table":2,"minecraft:spruce_planks":7,"iceandfire:armor_bronze_boots":1,"minecraft:birch_planks":11,"minecraft:air":24,"minecraft:stick":4,"minecraft:iron_pickaxe":1,"chococraft:chocobo_saddle":2,"iceandfire:armor_bronze_leggings":1,"iceandfire:armor_bronze_helmet":1},"minecraft:used":{"minecraft:trident":190,"stalwart_dungeons:iron_hammer":261,"minecraft:chest":2,"minecraft:spruce_planks":5,"minecraft:shield":3,"minecraft:iron_sword":59,"minecraft:zombie_spawn_egg":1,"farmersdelight:flint_knife":5,"minecraft:skeleton_spawn_egg":1,"minecraft:iron_helmet":1,"minecraft:bow":7,"minecraft:hay_block":1,"minecraft:sweet_berries":16,"minecraft:egg":3,"stalwart_dungeons:wooden_hammer":30,"minecraft:lead":1,"minecraft:chainmail_helmet":1,"minecraft:white_wool":3,"minecraft:crafting_table":2,"minecraft:black_bed":1,"mutantmonsters:mutant_skeleton_skull":1,"chococraft:gysahl_green_seeds":107,"minecraft:bread":13,"stalwart_dungeons:stone_hammer":62,"minecraft:wooden_sword":20,"globalxp:xp_block":1,"chococraft:gysahl_green":45,"cte_essentials:cloth_0_chestplate":1},"minecraft:dropped":{"minecraft:bread":3,"minecraft:wheat_seeds":3,"lightmanscurrency:coin_copper":3,"chococraft:gold_gysahl":1,"minecraft:crossbow":1,"minecraft:cobblestone":2,"iceandfire:fire_dragon_flesh":5,"chococraft:gysahl_green_seeds":12,"mutantmonsters:mutant_skeleton_shoulder_pad":1,"minecraft:chainmail_helmet":1,"minecraft:stick":2,"mmorpg:jewelry/ring/gold":1,"minecraft:dirt":60,"minecraft:gray_wool":1,"cte_essentials:leather_1_leggings":1,"minecraft:mutton":4,"minecraft:wooden_axe":2,"mmorpg:rare_mats/husbandry/medium":1,"minecraft:music_disc_strad":1,"stalwart_dungeons:stone_hammer":1,"minecraft:white_wool":7,"iceandfire:dragon_skull_fire":1,"iceandfire:dragonbone":9,"cte_essentials:leather_4_helmet":1,"cte_essentials:leather_5_helmet":1,"minecraft:gravel":1,"mmorpg:potion/resource/1":2,"minecraft:stone_axe":2,"minecraft:sweet_berries":1,"bountiful:bounty":1,"cte_essentials:cloth_2_leggings":1,"minecraft:golden_chestplate":1,"minecraft:birch_sapling":1,"minecraft:wheat":9,"minecraft:yellow_wool":1,"minecraft:rotten_flesh":32,"minecraft:light_gray_wool":1,"mmorpg:rare_mats/husbandry/lesser":1,"minecraft:stone_slab":2,"minecraft:skeleton_spawn_egg":1,"mmorpg:jewelry/necklace/iron":1,"mmorpg:weapon/staff/iron":3,"minecraft:potato":4,"aquaculture:wooden_fillet_knife":1,"farmersdelight:flint_knife":2,"minecraft:shield":2,"minecraft:trident":1,"minecraft:skeleton_skull":3,"mmorpg:offhand/tome/wood":3,"minecraft:iron_chestplate":2,"cte_essentials:cloth_0_helmet":1,"mmorpg:gems/garnet/0":1,"domum_ornamentum:beige_bricks":1,"minecraft:spider_eye":6,"doggytalents:rice_grains":8,"cte_essentials:cloth_0_chestplate":1,"minecraft:arrow":6,"mmorpg:jewelry/ring/iron":1,"minecraft:bow":2,"minecraft:beef":12,"chococraft:gysahl_green":32,"iceandfire:armor_bronze_leggings":1},"minecraft:custom":{"minecraft:interact_with_smithing_table":1,"minecraft:blood":0,"lootr:looted_stat":32,"minecraft:mob_kills":229,"minecraft:animals_bred":7,"minecraft:dexterity":5,"minecraft:interact_with_crafting_table":14,"minecraft:damage_dealt_resisted":0,"minecraft:leave_game":2,"minecraft:time_since_death":2070,"minecraft:climb_one_cm":2371,"minecraft:damage_resisted":0,"minecraft:mana":175,"minecraft:magic_shield":22,"minecraft:sprint_one_cm":683976,"minecraft:walk_one_cm":565064,"minecraft:damage_blocked_by_shield":360,"minecraft:drop":105,"minecraft:health":570,"minecraft:talked_to_villager":4,"minecraft:play_time":278651,"minecraft:deaths":17,"minecraft:sneak_time":386,"minecraft:walk_under_water_one_cm":15139,"minecraft:jump":3860,"minecraft:energy":170,"minecraft:walk_on_water_one_cm":33479,"minecraft:total_world_time":278651,"minecraft:intelligence":8,"minecraft:move_speed":0,"minecraft:sleep_in_bed":1,"minecraft:levels_gained":13,"minecraft:time_since_rest":2097,"minecraft:waystone_activated":2,"minecraft:damage_taken":10538,"minecraft:damage_absorbed":13604,"minecraft:damage_dealt":29489,"minecraft:swim_one_cm":62058,"minecraft:fly_one_cm":865162,"minecraft:open_chest":15,"minecraft:crouch_one_cm":2057,"minecraft:strength":23,"minecraft:fall_one_cm":110764}},"DataVersion":3465}