{"stats":{"minecraft:killed_by":{"riskofrain_mobs:stone_golem_entity":1,"iceandfire:cyclops":1,"minecraft:creeper":4,"minecraft:drowned":1,"iceandfire:ice_dragon":4,"mutantmonsters:mutant_skeleton":1,"minecraft:zombie":4,"iceandfire:fire_dragon":2},"minecraft:picked_up":{"minecraft:wooden_axe":2,"chococraft:loverly_gysahl_green":28,"minecraft:music_disc_strad":1,"mmorpg:gems/topaz/0":1,"mmorpg:material/farming/0":1,"minecraft:chainmail_boots":1,"minecraft:yellow_wool":1,"mmorpg:skill_gems/aura/str":1,"minecraft:lead":9,"minecraft:stone_slab":2,"mmorpg:jewelry/ring/iron":3,"minecraft:golden_sword":1,"minecraft:shield":4,"cte_essentials:plate_0_helmet":2,"mmorpg:skill_gems/aura/dex":1,"cte_essentials:cloth_1_helmet":2,"minecraft:string":40,"mutantmonsters:mutant_skeleton_skull":1,"minecraft:wooden_sword":4,"minecraft:spruce_planks":5,"minecraft:beef":12,"cte_essentials:cloth_0_helmet":1,"minecraft:iron_nugget":19,"minecraft:light_gray_wool":1,"alexsmobs:raccoon_tail":1,"mmorpg:gems/emerald/1":1,"minecraft:birch_sapling":2,"globalxp:xp_block":1,"minecraft:egg":3,"mmorpg:skill_gems/support/dex":3,"iceandfire:dragonbone":22,"iceandfire:dragonscales_gray":27,"cte_essentials:cloth_0_chestplate":2,"cte_essentials:leather_0_leggings":1,"mmorpg:jewelry/necklace/iron":1,"minecraft:trident":3,"mmorpg:skill_gems/support/int":3,"cte_essentials:leather_0_chestplate":1,"minecraft:golden_chestplate":2,"mutantmonsters:mutant_skeleton_pelvis":1,"cte_essentials:cloth_0_boots":1,"minecraft:arrow":39,"iceandfire:cyclops_eye":1,"minecraft:rotten_flesh":88,"mmorpg:currency/affix_common_reroll":1,"minecraft:hay_block":2,"iceandfire:fire_dragon_heart":2,"mutantmonsters:mutant_skeleton_rib":1,"supplementaries:quiver":1,"supplementaries:ash":4,"mutantmonsters:mutant_skeleton_shoulder_pad":2,"minecraft:mutton":13,"minecraft:skeleton_skull":3,"minecraft:white_wool":17,"minecraft:cobblestone":3,"minecraft:birch_log":5,"cte_essentials:cloth_2_leggings":1,"mmorpg:rare_mats/husbandry/lesser":2,"cte_essentials:leather_4_helmet":4,"cte_essentials:leather_5_helmet":6,"cte_essentials:leather_1_leggings":5,"minecraft:black_bed":1,"minecraft:leather":17,"doggytalents:rice_grains":20,"iceandfire:armor_bronze_leggings":1,"domum_ornamentum:beige_bricks":1,"minecraft:gunpowder":16,"farmersdelight:flint_knife":7,"mutantmonsters:mutant_skeleton_limb":8,"minecraft:dirt":92,"iceandfire:dragonscales_bronze":34,"mmorpg:potion/resource/1":2,"minecraft:leather_boots":1,"chococraft:chocobo_feather":6,"minecraft:bone":34,"chococraft:gysahl_green":500,"mmorpg:material/meat/0":1,"chococraft:gold_gysahl":11,"minecraft:bow":3,"minecraft:wheat_seeds":25,"stalwart_dungeons:iron_hammer":10,"iceandfire:armor_silver_metal_helmet":1,"mmorpg:rare_mats/farming/lesser":3,"minecraft:iron_ingot":3,"minecraft:glowstone_dust":1,"minecraft:diamond_helmet":1,"lightmanscurrency:coin_iron":160,"iceandfire:fire_dragon_flesh":10,"minecraft:book":51,"mmorpg:skill_gems/support/str":2,"cte_essentials:plate_0_chestplate":3,"mmorpg:offhand/tome/wood":3,"minecraft:sweet_berries":24,"minecraft:dandelion":2,"minecraft:gravel":1,"iceandfire:dragon_skull_fire":2,"mmorpg:stat_soul":12,"minecraft:sand":2,"chococraft:gysahl_green_seeds":186,"mmorpg:weapon/staff/wood":3,"minecraft:spruce_log":14,"mmorpg:jewelry/ring/gold":4,"minecraft:purple_bed":1,"minecraft:spider_eye":12,"lightmanscurrency:coin_copper":305,"minecraft:skeleton_spawn_egg":1,"mmorpg:gems/garnet/0":4,"minecraft:diamond":5,"minecraft:stone_axe":1,"mmorpg:runes/ano":1,"lightmanscurrency:coin_gold":4,"minecraft:crossbow":3,"minecraft:emerald":14,"minecraft:gray_wool":1,"minecraft:chainmail_helmet":1,"minecraft:bread":2,"iceandfire:silver_nugget":8},"minecraft:broken":{"cte_essentials:cloth_0_boots":1,"cte_essentials:plate_0_helmet":2,"cte_essentials:cloth_0_chestplate":1,"cte_essentials:plate_0_leggings":2,"iceandfire:armor_bronze_boots":1,"stalwart_dungeons:wooden_hammer":1,"cte_essentials:plate_0_chestplate":1,"cte_essentials:leather_0_boots":1,"stalwart_dungeons:iron_hammer":2,"cte_essentials:cloth_1_helmet":1,"cte_essentials:plate_0_boots":1},"minecraft:mined":{"minecraft:spruce_planks":5,"minecraft:spruce_leaves":3,"minecraft:hay_block":2,"minecraft:large_fern":3,"iceandfire:chared_gravel":1,"minecraft:azure_bluet":1,"minecraft:bookshelf":17,"chococraft:gysahl_green":194,"minecraft:stone":1,"minecraft:glass_pane":4,"minecraft:dandelion":2,"minecraft:tall_grass":39,"supplementaries:urn":4,"minecraft:birch_log":5,"minecraft:sweet_berry_bush":14,"minecraft:spruce_log":14,"minecraft:birch_leaves":6,"minecraft:black_bed":1,"minecraft:dirt":2,"minecraft:grass":101,"minecraft:oak_log":2,"minecraft:sand":2,"minecraft:oak_leaves":1,"minecraft:fern":8},"minecraft:killed":{"alexsmobs:raccoon":2,"minecraft:spider":39,"alexsmobs:seagull":2,"minecraft:skeleton":39,"monsterplus:glow_skeleton":1,"alexsmobs:blue_jay":2,"iceandfire:fire_dragon":2,"minecraft:chicken":1,"minecraft:pig":1,"iceandfire:cyclops":2,"minecraft:zombie_villager":2,"riskofrain_mobs:lemurian_entity":2,"minecolonies:mercenary":4,"mutantmonsters:mutant_skeleton":1,"minecraft:creeper":15,"minecraft:sheep":14,"alexsmobs:gelada_monkey":21,"minecraft:zombie":85,"iceandfire:ice_dragon":1,"alexsmobs:fly":1,"mutantmonsters:mutant_zombie":1,"chococraft:chocobo":2,"minecraft:enderman":2,"minecraft:cow":8},"minecraft:crafted":{"minecraft:iron_axe":1,"minecraft:chest":2,"iceandfire:armor_bronze_chestplate":1,"minecraft:wheat":9,"minecraft:wooden_shovel":1,"minecraft:crafting_table":2,"minecraft:spruce_planks":14,"iceandfire:armor_bronze_boots":1,"minecraft:birch_planks":11,"minecraft:air":52,"minecraft:wooden_hoe":1,"minecraft:wooden_axe":1,"minecraft:stick":16,"minecraft:iron_shovel":1,"minecraft:iron_pickaxe":1,"chococraft:chocobo_saddle":2,"iceandfire:armor_bronze_leggings":1,"iceandfire:armor_bronze_helmet":1},"minecraft:used":{"minecraft:trident":190,"stalwart_dungeons:iron_hammer":333,"minecraft:chest":2,"minecraft:spruce_planks":5,"minecraft:shield":3,"minecraft:iron_sword":59,"minecraft:zombie_spawn_egg":1,"minecraft:dirt":6,"farmersdelight:flint_knife":5,"minecraft:skeleton_spawn_egg":1,"minecraft:iron_helmet":1,"minecolonies:scepterguard":12,"minecraft:bow":7,"minecraft:hay_block":1,"minecraft:sweet_berries":16,"minecraft:egg":3,"stalwart_dungeons:wooden_hammer":30,"minecraft:lead":1,"minecraft:chainmail_helmet":1,"minecraft:white_wool":3,"minecraft:sand":1,"minecraft:crafting_table":2,"minecraft:black_bed":1,"mutantmonsters:mutant_skeleton_skull":1,"chococraft:gysahl_green_seeds":107,"minecraft:iron_pickaxe":1,"minecraft:bread":15,"minecraft:purple_bed":1,"stalwart_dungeons:stone_hammer":62,"minecraft:wooden_sword":20,"globalxp:xp_block":1,"chococraft:gysahl_green":76,"cte_essentials:cloth_0_chestplate":1},"minecraft:dropped":{"minecraft:bread":3,"minecraft:wheat_seeds":4,"lightmanscurrency:coin_copper":3,"chococraft:gold_gysahl":1,"minecraft:crossbow":1,"minecraft:cobblestone":2,"iceandfire:fire_dragon_flesh":5,"chococraft:gysahl_green_seeds":15,"mutantmonsters:mutant_skeleton_shoulder_pad":1,"minecraft:chainmail_helmet":1,"minecraft:stick":4,"mmorpg:jewelry/ring/gold":1,"minecraft:dirt":60,"minecraft:gray_wool":1,"cte_essentials:leather_1_leggings":1,"minecraft:mutton":4,"minecraft:wooden_axe":2,"mmorpg:rare_mats/husbandry/medium":1,"minecraft:music_disc_strad":1,"iceandfire:armor_silver_metal_helmet":1,"stalwart_dungeons:stone_hammer":1,"minecraft:white_wool":7,"iceandfire:dragon_skull_fire":1,"minecraft:dandelion":2,"iceandfire:dragonbone":9,"cte_essentials:leather_4_helmet":1,"cte_essentials:leather_5_helmet":1,"minecraft:gravel":1,"iceandfire:silver_nugget":8,"mmorpg:potion/resource/1":2,"mmorpg:rare_mats/farming/lesser":3,"minecraft:stone_axe":2,"minecraft:sweet_berries":1,"bountiful:bounty":1,"cte_essentials:cloth_2_leggings":1,"minecraft:golden_chestplate":1,"minecraft:birch_sapling":1,"minecraft:wheat":9,"minecraft:yellow_wool":1,"minecraft:rotten_flesh":34,"minecraft:light_gray_wool":1,"minecraft:glowstone_dust":1,"mmorpg:rare_mats/husbandry/lesser":1,"minecraft:stone_slab":2,"minecraft:skeleton_spawn_egg":1,"mmorpg:jewelry/necklace/iron":1,"mmorpg:weapon/staff/iron":3,"minecraft:potato":4,"aquaculture:wooden_fillet_knife":1,"farmersdelight:flint_knife":2,"minecraft:shield":3,"minecraft:trident":1,"minecraft:skeleton_skull":3,"mmorpg:offhand/tome/wood":3,"minecraft:iron_chestplate":2,"cte_essentials:cloth_0_helmet":1,"mmorpg:gems/garnet/0":1,"domum_ornamentum:beige_bricks":1,"minecraft:spider_eye":6,"doggytalents:rice_grains":8,"cte_essentials:cloth_0_chestplate":2,"minecraft:arrow":6,"mmorpg:jewelry/ring/iron":1,"minecraft:bow":3,"minecraft:beef":12,"chococraft:gysahl_green":32,"iceandfire:armor_bronze_leggings":1},"minecraft:custom":{"minecraft:interact_with_smithing_table":1,"minecraft:blood":0,"lootr:looted_stat":51,"minecraft:mob_kills":256,"minecraft:animals_bred":7,"minecraft:dexterity":5,"minecraft:interact_with_crafting_table":20,"minecraft:damage_dealt_resisted":0,"minecraft:leave_game":2,"minecraft:time_since_death":2042,"minecraft:climb_one_cm":4473,"minecraft:damage_resisted":0,"minecraft:mana":175,"minecraft:magic_shield":22,"minecraft:sprint_one_cm":911275,"minecraft:walk_one_cm":693062,"minecraft:damage_blocked_by_shield":360,"minecraft:drop":121,"minecraft:health":570,"minecraft:talked_to_villager":4,"minecraft:play_time":338651,"minecraft:deaths":19,"minecraft:sneak_time":1411,"minecraft:walk_under_water_one_cm":15202,"minecraft:jump":4958,"minecraft:energy":170,"minecraft:walk_on_water_one_cm":37603,"minecraft:total_world_time":338651,"minecraft:intelligence":8,"minecraft:move_speed":-7,"minecraft:sleep_in_bed":3,"minecraft:levels_gained":13,"minecraft:time_since_rest":2138,"minecraft:waystone_activated":3,"minecraft:damage_taken":12707,"minecraft:damage_absorbed":15263,"minecraft:damage_dealt":31821,"minecraft:swim_one_cm":68206,"minecraft:fly_one_cm":1102412,"minecraft:open_chest":16,"minecraft:crouch_one_cm":5708,"minecraft:strength":23,"minecraft:fall_one_cm":146553}},"DataVersion":3465}