{"stats":{"minecraft:crafted":{"minecraft:wheat":9},"minecraft:custom":{"minecraft:time_since_rest":5254,"minecraft:blood":0,"minecraft:magic_shield":6,"minecraft:sprint_one_cm":43038,"minecraft:walk_one_cm":36146,"minecraft:damage_taken":442,"minecraft:damage_absorbed":275,"minecraft:mob_kills":8,"minecraft:dexterity":0,"minecraft:intelligence":1,"minecraft:damage_dealt":1599,"minecraft:health":158,"minecraft:move_speed":0,"minecraft:swim_one_cm":3242,"minecraft:fly_one_cm":45775,"minecraft:play_time":19186,"minecraft:walk_under_water_one_cm":723,"minecraft:jump":208,"minecraft:damage_dealt_resisted":0,"minecraft:energy":80,"minecraft:time_since_death":19186,"minecraft:walk_on_water_one_cm":968,"minecraft:strength":1,"minecraft:sleep_in_bed":1,"minecraft:total_world_time":19186,"minecraft:climb_one_cm":1378,"minecraft:levels_gained":4,"minecraft:fall_one_cm":5026,"minecraft:mana":84},"minecraft:picked_up":{"minecraft:black_bed":1,"doggytalents:rice_grains":2,"mmorpg:stat_soul":2,"domum_ornamentum:beige_bricks":1,"chococraft:gysahl_green_seeds":10,"minecraft:spruce_log":3,"cte_essentials:cloth_1_helmet":2,"farmersdelight:flint_knife":3,"minecraft:string":1,"minecraft:dirt":5,"cte_essentials:cloth_0_boots":1,"lightmanscurrency:coin_copper":10,"minecraft:bone":1,"minecraft:rotten_flesh":1,"chococraft:gysahl_green":21,"chococraft:gold_gysahl":1,"stalwart_dungeons:iron_hammer":9,"minecraft:hay_block":2,"lightmanscurrency:coin_iron":5},"minecraft:killed":{"minecraft:skeleton":1,"minecraft:zombie":2,"minecraft:spider":5},"minecraft:mined":{"minecraft:hay_block":2,"minecraft:spruce_log":3,"minecraft:black_bed":1,"minecraft:grass":1,"chococraft:gysahl_green":10},"minecraft:used":{"stalwart_dungeons:iron_hammer":24,"chococraft:gysahl_green_seeds":1,"minecraft:bread":2,"minecraft:hay_block":1,"minecraft:black_bed":1}},"DataVersion":3465}