{"stats":{"minecraft:crafted":{"iceandfire:armor_bronze_chestplate":1,"minecraft:wheat":9,"iceandfire:armor_bronze_boots":1,"iceandfire:armor_bronze_leggings":1,"iceandfire:armor_bronze_helmet":1},"minecraft:custom":{"minecraft:interact_with_smithing_table":1,"minecraft:blood":0,"lootr:looted_stat":25,"minecraft:mob_kills":128,"minecraft:dexterity":5,"minecraft:interact_with_crafting_table":3,"minecraft:damage_dealt_resisted":0,"minecraft:time_since_death":2552,"minecraft:climb_one_cm":2260,"minecraft:mana":144,"minecraft:sprint_one_cm":297395,"minecraft:magic_shield":23,"minecraft:walk_one_cm":224950,"minecraft:damage_blocked_by_shield":360,"minecraft:drop":49,"minecraft:health":471,"minecraft:talked_to_villager":3,"minecraft:play_time":115186,"minecraft:deaths":10,"minecraft:walk_under_water_one_cm":14496,"minecraft:jump":1629,"minecraft:energy":140,"minecraft:walk_on_water_one_cm":30394,"minecraft:total_world_time":115186,"minecraft:intelligence":8,"minecraft:move_speed":-7,"minecraft:sleep_in_bed":1,"minecraft:levels_gained":10,"minecraft:time_since_rest":2594,"minecraft:waystone_activated":1,"minecraft:damage_taken":6533,"minecraft:damage_absorbed":9440,"minecraft:damage_dealt":20129,"minecraft:swim_one_cm":41343,"minecraft:fly_one_cm":425527,"minecraft:strength":20,"minecraft:fall_one_cm":43011},"minecraft:dropped":{"minecraft:bread":1,"minecraft:wheat_seeds":1,"chococraft:gold_gysahl":1,"minecraft:crossbow":1,"minecraft:cobblestone":2,"chococraft:gysahl_green_seeds":9,"minecraft:chainmail_helmet":1,"mutantmonsters:mutant_skeleton_shoulder_pad":1,"minecraft:dirt":60,"minecraft:gray_wool":1,"minecraft:mutton":4,"minecraft:wooden_axe":2,"minecraft:music_disc_strad":1,"stalwart_dungeons:stone_hammer":1,"minecraft:white_wool":2,"iceandfire:dragonbone":9,"minecraft:gravel":1,"minecraft:stone_axe":2,"bountiful:bounty":1,"minecraft:wheat":9,"minecraft:rotten_flesh":23,"minecraft:stone_slab":2,"minecraft:skeleton_spawn_egg":1,"mmorpg:jewelry/necklace/iron":1,"mmorpg:weapon/staff/iron":3,"minecraft:potato":4,"aquaculture:wooden_fillet_knife":1,"farmersdelight:flint_knife":2,"minecraft:shield":1,"mmorpg:offhand/tome/wood":2,"minecraft:iron_chestplate":2,"cte_essentials:cloth_0_helmet":1,"minecraft:spider_eye":6,"domum_ornamentum:beige_bricks":1,"mmorpg:jewelry/ring/iron":1,"minecraft:arrow":6,"minecraft:bow":2},"minecraft:picked_up":{"minecraft:wooden_axe":2,"minecraft:music_disc_strad":1,"mmorpg:gems/topaz/0":1,"mmorpg:skill_gems/aura/str":1,"minecraft:stone_slab":2,"mmorpg:jewelry/ring/iron":3,"minecraft:shield":1,"cte_essentials:cloth_1_helmet":2,"minecraft:string":21,"mutantmonsters:mutant_skeleton_skull":1,"minecraft:wooden_sword":2,"cte_essentials:cloth_0_helmet":1,"alexsmobs:raccoon_tail":1,"mmorpg:skill_gems/support/dex":1,"iceandfire:dragonbone":22,"iceandfire:dragonscales_gray":27,"cte_essentials:cloth_0_chestplate":1,"mmorpg:jewelry/necklace/iron":1,"minecraft:trident":1,"mmorpg:skill_gems/support/int":1,"cte_essentials:leather_0_chestplate":1,"mutantmonsters:mutant_skeleton_pelvis":1,"cte_essentials:cloth_0_boots":1,"minecraft:arrow":25,"minecraft:rotten_flesh":47,"minecraft:hay_block":2,"iceandfire:fire_dragon_heart":2,"mutantmonsters:mutant_skeleton_rib":1,"supplementaries:quiver":1,"supplementaries:ash":1,"mutantmonsters:mutant_skeleton_shoulder_pad":2,"minecraft:mutton":4,"minecraft:cobblestone":2,"minecraft:white_wool":2,"cte_essentials:leather_1_leggings":3,"minecraft:black_bed":1,"doggytalents:rice_grains":4,"domum_ornamentum:beige_bricks":1,"minecraft:gunpowder":10,"farmersdelight:flint_knife":6,"mutantmonsters:mutant_skeleton_limb":8,"iceandfire:dragonscales_bronze":34,"minecraft:dirt":89,"minecraft:bone":25,"chococraft:gysahl_green":22,"minecraft:bow":3,"chococraft:gold_gysahl":1,"minecraft:wheat_seeds":5,"stalwart_dungeons:iron_hammer":9,"minecraft:iron_ingot":1,"lightmanscurrency:coin_iron":113,"iceandfire:fire_dragon_flesh":5,"cte_essentials:plate_0_chestplate":3,"mmorpg:skill_gems/support/str":1,"mmorpg:offhand/tome/wood":2,"mmorpg:stat_soul":7,"minecraft:gravel":1,"iceandfire:dragon_skull_fire":1,"chococraft:gysahl_green_seeds":10,"mmorpg:weapon/staff/wood":1,"minecraft:spruce_log":3,"mmorpg:jewelry/ring/gold":4,"minecraft:spider_eye":7,"lightmanscurrency:coin_copper":183,"minecraft:skeleton_spawn_egg":1,"mmorpg:gems/garnet/0":2,"minecraft:stone_axe":1,"mmorpg:runes/ano":1,"lightmanscurrency:coin_gold":4,"minecraft:crossbow":2,"minecraft:gray_wool":1,"minecraft:chainmail_helmet":1},"minecraft:mined":{"minecraft:hay_block":2,"iceandfire:chared_gravel":1,"chococraft:gysahl_green":10,"minecraft:tall_grass":5,"minecraft:spruce_log":3,"minecraft:black_bed":1,"minecraft:grass":3},"minecraft:killed":{"alexsmobs:raccoon":2,"minecraft:spider":28,"minecraft:skeleton":23,"alexsmobs:blue_jay":2,"iceandfire:fire_dragon":2,"riskofrain_mobs:lemurian_entity":2,"mutantmonsters:mutant_skeleton":1,"minecraft:creeper":8,"minecraft:sheep":3,"minecraft:zombie":52,"alexsmobs:fly":1,"mutantmonsters:mutant_zombie":1,"minecraft:enderman":2},"minecraft:killed_by":{"riskofrain_mobs:stone_golem_entity":1,"minecraft:creeper":2,"minecraft:drowned":1,"mutantmonsters:mutant_skeleton":1,"minecraft:zombie":3,"iceandfire:fire_dragon":2},"minecraft:used":{"minecraft:trident":91,"stalwart_dungeons:iron_hammer":158,"minecraft:shield":3,"minecraft:iron_sword":4,"farmersdelight:flint_knife":5,"minecraft:skeleton_spawn_egg":1,"minecraft:iron_helmet":1,"minecraft:hay_block":1,"stalwart_dungeons:wooden_hammer":30,"minecraft:chainmail_helmet":1,"minecraft:black_bed":1,"mutantmonsters:mutant_skeleton_skull":1,"chococraft:gysahl_green_seeds":1,"minecraft:bread":11,"stalwart_dungeons:stone_hammer":62,"minecraft:wooden_sword":20,"cte_essentials:cloth_0_chestplate":1},"minecraft:broken":{"cte_essentials:cloth_0_boots":1,"cte_essentials:plate_0_helmet":1,"cte_essentials:cloth_0_chestplate":1,"cte_essentials:plate_0_leggings":1,"stalwart_dungeons:wooden_hammer":1,"cte_essentials:plate_0_chestplate":1,"cte_essentials:leather_0_boots":1,"stalwart_dungeons:iron_hammer":1,"cte_essentials:cloth_1_helmet":1,"cte_essentials:plate_0_boots":1}},"DataVersion":3465}