{
	"level_seeds": [
		{
			"dim": "blue_skies:everdawn",
			"seed": 3954336254654698282
		},
		{
			"dim": "blue_skies:everbright",
			"seed": 3954336254654698282
		},
		{
			"dim": "minecraft:overworld",
			"seed": 3954336254654698282
		},
		{
			"dim": "overworldmirror:overworld",
			"seed": 3954336254654698282
		},
		{
			"dim": "mmorpg:dungeon",
			"seed": 3954336254654698282
		},
		{
			"dim": "deeperdarker:otherside",
			"seed": 3954336254654698282
		},
		{
			"dim": "minecraft:the_end",
			"seed": 3954336254654698282
		},
		{
			"dim": "undergarden:undergarden",
			"seed": 3954336254654698282
		},
		{
			"dim": "minecraft:the_nether",
			"seed": 3954336254654698282
		}
	],
	"structure_seeds": [
		{
			"dim": "blue_skies:everdawn",
			"seed": 3954336254654698282
		},
		{
			"dim": "blue_skies:everbright",
			"seed": 3954336254654698282
		},
		{
			"dim": "minecraft:overworld",
			"seed": 3954336254654698282
		},
		{
			"dim": "overworldmirror:overworld",
			"seed": 3954336254654698282
		},
		{
			"dim": "mmorpg:dungeon",
			"seed": 3954336254654698282
		},
		{
			"dim": "deeperdarker:otherside",
			"seed": 3954336254654698282
		},
		{
			"dim": "minecraft:the_end",
			"seed": 3954336254654698282
		},
		{
			"dim": "undergarden:undergarden",
			"seed": 3954336254654698282
		},
		{
			"dim": "minecraft:the_nether",
			"seed": 3954336254654698282
		}
	]
}